{
  "accuracy": 0.7842876165113183,
  "precision": 0.9148936170212766,
  "recall": 0.8355754857997011,
  "f1": 0.8734375,
  "auc_roc": 0.69877684202851,
  "epochs_trained": 22,
  "best_val_loss": 0.31664758920669556,
  "final_train_loss": 0.10658714529126882,
  "n_samples": 751,
  "arch": "lstm",
  "pos_weight": 0.12257099896669388
}