{
  "accuracy": 0.532520325203252,
  "precision": 0.926829268292683,
  "recall": 0.41081081081081083,
  "f1": 0.5692883895131086,
  "auc_roc": 0.7542755870624722,
  "epochs_trained": 35,
  "best_val_loss": 0.20868821442127228,
  "final_train_loss": 0.260964389358248,
  "n_samples": 246,
  "arch": "lstm",
  "pos_weight": 0.32972973585128784
}