date,site_key,rain_mm,wind_max_kmh,wave_m,tide_range_m,actual_viz_m,current,actual_current,label,no_go_reason,confidence,comments
2022-04-20,dauin_muck,0.0,11.56,0.9,0.86,8.0,Low,Low,poor_viz,,high,scenario=calm_dry
2022-04-21,dauin_muck,0.0,12.16,0.79,0.84,16.0,Low,Low,dive,,high,scenario=calm_dry
2022-04-22,dauin_muck,0.0,12.88,0.84,0.84,16.0,Low,Low,dive,,high,scenario=calm_dry
2022-04-27,dauin_muck,14.07,28.6,2.21,0.6,3.0,High,High,no_dive,swell,high,scenario=calm_dry
2022-04-28,dauin_muck,0.0,11.72,0.65,0.54,16.0,Low,Low,dive,,high,scenario=calm_dry
2022-05-05,dauin_muck,0.0,17.07,1.19,0.89,16.0,Low,Low,dive,,high,scenario=calm_dry
2022-05-07,dauin_muck,71.13,76.54,5.32,0.93,3.0,High,High,no_dive,swell,high,scenario=calm_dry
2022-05-08,dauin_muck,0.0,12.84,0.86,0.85,3.0,Low,Low,no_dive,weather,high,scenario=calm_dry
2022-05-13,dauin_muck,0.0,37.03,2.05,0.61,3.0,High,High,no_dive,swell,high,scenario=calm_dry
2022-05-14,dauin_muck,0.0,12.39,0.72,0.58,16.0,Low,Low,dive,,high,scenario=calm_dry
2022-05-15,dauin_muck,0.0,12.18,0.71,0.66,16.0,Low,Low,dive,,high,scenario=calm_dry
2022-05-16,dauin_muck,0.0,11.82,0.7,0.64,16.0,Low,Low,dive,,high,scenario=calm_dry
2022-05-17,dauin_muck,0.0,10.45,0.64,0.7,16.0,Low,Low,dive,,high,scenario=calm_dry
2022-05-18,dauin_muck,0.14,9.85,0.55,0.79,16.0,Low,Low,dive,,high,scenario=calm_dry
2022-05-19,dauin_muck,0.25,11.96,0.79,0.91,16.0,Low,Low,dive,,high,scenario=calm_dry
2022-05-20,dauin_muck,0.0,12.68,0.93,0.88,16.0,Low,Low,dive,,high,scenario=calm_dry
2022-05-21,dauin_muck,0.0,13.78,0.74,0.88,16.0,Low,Low,dive,,high,scenario=calm_dry
2022-05-28,dauin_muck,0.0,17.24,1.07,0.6,16.0,Low,Low,dive,,high,scenario=calm_dry
2022-05-29,dauin_muck,0.0,14.08,0.63,0.57,16.0,Low,Low,dive,,high,scenario=calm_dry
2022-05-30,dauin_muck,0.0,7.52,0.64,0.57,16.0,Low,Low,dive,,high,scenario=calm_dry
2022-05-31,dauin_muck,0.0,9.98,0.77,0.69,16.0,Low,Low,dive,,high,scenario=calm_dry
2022-06-01,dauin_muck,0.0,10.63,0.79,0.8,16.0,Low,Low,dive,,high,scenario=calm_dry
2022-06-02,dauin_muck,0.0,12.6,0.62,0.82,16.0,Low,Low,dive,,high,scenario=calm_dry
2022-06-03,dauin_muck,0.0,10.53,0.65,0.89,16.0,Low,Low,dive,,high,scenario=calm_dry
2022-06-08,dauin_muck,32.63,25.26,2.13,0.82,3.0,High,High,no_dive,swell,high,scenario=calm_dry
2022-06-10,dauin_muck,15.9,32.78,2.06,0.63,3.0,High,High,no_dive,swell,high,scenario=calm_dry
2022-06-11,dauin_muck,1.47,9.46,0.6,0.61,16.0,Low,Low,dive,,high,scenario=calm_dry
2022-06-14,dauin_muck,27.12,26.65,1.87,0.65,3.0,Moderate,Moderate,no_dive,weather,high,scenario=calm_dry
2022-06-15,dauin_muck,0.0,16.12,0.76,0.75,8.0,Low,Low,poor_viz,,high,scenario=calm_dry
2022-07-02,dauin_muck,0.0,12.73,0.98,0.88,16.0,Low,Low,dive,,high,scenario=calm_dry
2022-07-03,dauin_muck,0.0,9.76,0.75,0.88,16.0,Low,Low,dive,,high,scenario=calm_dry
2022-07-04,dauin_muck,0.0,7.43,0.73,0.87,16.0,Low,Low,dive,,high,scenario=calm_dry
2022-07-05,dauin_muck,0.0,10.0,0.62,0.85,16.0,Low,Low,dive,,high,scenario=calm_dry
2022-07-06,dauin_muck,0.0,12.07,0.73,0.86,16.0,Low,Low,dive,,high,scenario=calm_dry
2022-07-07,dauin_muck,0.0,9.36,0.68,0.83,16.0,Low,Low,dive,,high,scenario=calm_dry
2022-07-08,dauin_muck,0.0,10.71,0.61,0.75,16.0,Low,Low,dive,,high,scenario=calm_dry
2022-07-09,dauin_muck,0.0,12.19,0.76,0.67,16.0,Low,Low,dive,,high,scenario=calm_dry
2022-07-10,dauin_muck,0.0,12.98,0.84,0.59,16.0,Low,Low,dive,,high,scenario=calm_dry
2022-07-11,dauin_muck,0.0,17.32,0.94,0.52,16.0,Low,Low,dive,,high,scenario=calm_dry
2022-07-12,dauin_muck,0.0,12.14,0.74,0.63,16.0,Low,Low,dive,,high,scenario=calm_dry
2022-07-13,dauin_muck,0.0,11.63,0.67,0.61,16.0,Low,Low,dive,,high,scenario=calm_dry
2022-07-16,dauin_muck,55.75,109.49,7.78,0.86,3.0,High,High,no_dive,swell,high,scenario=calm_dry
2022-07-17,dauin_muck,0.0,12.94,0.69,0.84,3.0,Low,Low,no_dive,weather,high,scenario=calm_dry
2022-07-18,dauin_muck,0.0,9.46,0.64,0.9,16.0,Low,Low,dive,,high,scenario=calm_dry
2022-07-19,dauin_muck,0.0,12.52,0.8,0.88,16.0,Low,Low,dive,,high,scenario=calm_dry
2022-07-20,dauin_muck,0.0,11.4,0.72,0.92,16.0,Low,Low,dive,,high,scenario=calm_dry
2022-07-21,dauin_muck,0.0,12.0,0.72,0.87,16.0,Low,Low,dive,,high,scenario=calm_dry
2022-07-22,dauin_muck,0.0,11.0,0.82,0.81,16.0,Low,Low,dive,,high,scenario=calm_dry
2022-07-23,dauin_muck,0.76,13.78,0.83,0.79,16.0,Low,Low,dive,,high,scenario=calm_dry
2022-07-25,dauin_muck,2.61,25.82,1.89,0.56,8.0,Moderate,Moderate,poor_viz,weather,high,scenario=calm_dry
2022-08-08,dauin_muck,4.2,32.57,2.25,0.64,3.0,High,High,no_dive,swell,high,scenario=calm_dry
2022-08-09,dauin_muck,0.0,11.93,0.78,0.62,16.0,Low,Low,dive,,high,scenario=calm_dry
2022-08-10,dauin_muck,0.0,12.42,0.73,0.53,16.0,Low,Low,dive,,high,scenario=calm_dry
2022-08-11,dauin_muck,0.0,15.17,0.86,0.62,16.0,Low,Low,dive,,high,scenario=calm_dry
2022-08-12,dauin_muck,0.0,15.17,0.85,0.67,16.0,Low,Low,dive,,high,scenario=calm_dry
2022-08-13,dauin_muck,0.0,11.48,0.61,0.7,16.0,Low,Low,dive,,high,scenario=calm_dry
2022-08-14,dauin_muck,0.0,10.55,0.66,0.81,16.0,Low,Low,dive,,high,scenario=calm_dry
2022-08-15,dauin_muck,0.0,13.08,0.72,0.8,16.0,Low,Low,dive,,high,scenario=calm_dry
2022-08-16,dauin_muck,0.0,12.83,0.83,0.88,16.0,Low,Low,dive,,high,scenario=calm_dry
2022-08-17,dauin_muck,0.0,13.54,0.76,0.91,16.0,Low,Low,dive,,high,scenario=calm_dry
2022-08-18,dauin_muck,0.0,13.66,0.85,0.95,16.0,Low,Low,dive,,high,scenario=calm_dry
2022-08-20,dauin_muck,0.0,18.44,1.05,0.82,16.0,Low,Low,dive,,high,scenario=calm_dry
2022-08-21,dauin_muck,0.0,9.63,0.65,0.77,16.0,Low,Low,dive,,high,scenario=calm_dry
2022-08-22,dauin_muck,0.0,9.82,0.62,0.65,16.0,Low,Low,dive,,high,scenario=calm_dry
2022-08-23,dauin_muck,0.0,10.27,0.79,0.64,16.0,Low,Low,dive,,high,scenario=calm_dry
2022-08-26,dauin_muck,0.0,18.11,1.09,0.58,16.0,Low,Low,dive,,high,scenario=calm_dry
2022-08-30,dauin_muck,0.0,24.91,2.03,0.85,3.0,High,High,no_dive,swell,high,scenario=calm_dry
2022-08-31,dauin_muck,0.0,10.85,0.8,0.94,16.0,Low,Low,dive,,high,scenario=calm_dry
2022-09-01,dauin_muck,0.0,9.57,0.67,0.92,16.0,Low,Low,dive,,high,scenario=calm_dry
2022-09-02,dauin_muck,1.14,10.8,0.58,0.92,16.0,Low,Low,dive,,high,scenario=calm_dry
2022-09-14,dauin_muck,0.0,30.31,1.99,0.86,8.0,Moderate,Moderate,poor_viz,weather,high,scenario=calm_dry
2022-09-15,dauin_muck,0.0,11.67,0.7,0.87,16.0,Low,Low,dive,,high,scenario=calm_dry
2022-09-16,dauin_muck,0.0,11.57,0.74,0.91,16.0,Low,Low,dive,,high,scenario=calm_dry
2022-09-17,dauin_muck,0.0,12.98,0.89,0.87,16.0,Low,Low,dive,,high,scenario=calm_dry
2022-09-18,dauin_muck,0.0,13.28,0.89,0.83,16.0,Low,Low,dive,,high,scenario=calm_dry
2022-09-19,dauin_muck,0.0,9.75,0.72,0.8,16.0,Low,Low,dive,,high,scenario=calm_dry
2022-09-20,dauin_muck,0.0,10.03,0.79,0.69,16.0,Low,Low,dive,,high,scenario=calm_dry
2022-09-21,dauin_muck,0.0,9.7,0.75,0.65,16.0,Low,Low,dive,,high,scenario=calm_dry
2022-09-22,dauin_muck,0.0,10.4,0.71,0.59,16.0,Low,Low,dive,,high,scenario=calm_dry
2022-09-23,dauin_muck,0.0,10.43,0.64,0.53,16.0,Low,Low,dive,,high,scenario=calm_dry
2022-09-24,dauin_muck,0.0,11.97,0.73,0.55,16.0,Low,Low,dive,,high,scenario=calm_dry
2022-09-25,dauin_muck,0.0,13.98,0.78,0.56,16.0,Low,Low,dive,,high,scenario=calm_dry
2022-09-26,dauin_muck,0.0,13.98,0.78,0.66,16.0,Low,Low,dive,,high,scenario=calm_dry
2022-09-27,dauin_muck,0.0,8.21,0.73,0.75,16.0,Low,Low,dive,,high,scenario=calm_dry
2022-09-28,dauin_muck,0.0,9.89,0.75,0.78,16.0,Low,Low,dive,,high,scenario=calm_dry
2022-09-29,dauin_muck,0.0,9.37,0.64,0.81,16.0,Low,Low,dive,,high,scenario=calm_dry
2022-09-30,dauin_muck,0.0,12.32,0.81,0.83,16.0,Low,Low,dive,,high,scenario=calm_dry
2022-10-01,dauin_muck,0.0,12.04,0.76,0.87,16.0,Low,Low,dive,,high,scenario=calm_dry
2022-10-02,dauin_muck,0.0,13.86,0.75,0.84,16.0,Low,Low,dive,,high,scenario=calm_dry
2022-10-03,dauin_muck,0.0,13.86,0.75,0.84,16.0,Low,Low,dive,,high,scenario=calm_dry
2022-10-04,dauin_muck,0.0,12.61,0.79,0.74,16.0,Low,Low,dive,,high,scenario=calm_dry
2022-10-05,dauin_muck,0.0,12.61,0.79,0.72,16.0,Low,Low,dive,,high,scenario=calm_dry
2022-10-06,dauin_muck,0.0,10.22,0.68,0.66,16.0,Low,Low,dive,,high,scenario=calm_dry
2022-10-07,dauin_muck,0.0,15.46,0.82,0.55,16.0,Low,Low,dive,,high,scenario=calm_dry
2022-10-08,dauin_muck,0.0,13.42,0.7,0.5,16.0,Low,Low,dive,,high,scenario=calm_dry
2022-10-09,dauin_muck,0.0,10.44,0.69,0.54,16.0,Low,Low,dive,,high,scenario=calm_dry
2022-10-10,dauin_muck,0.0,9.52,0.56,0.63,16.0,Low,Low,dive,,high,scenario=calm_dry
2022-10-11,dauin_muck,0.0,9.46,0.6,0.64,16.0,Low,Low,dive,,high,scenario=calm_dry
2022-10-12,dauin_muck,0.0,8.06,0.56,0.74,16.0,Low,Low,dive,,high,scenario=calm_dry
2022-10-19,dauin_muck,4.56,13.38,0.86,0.76,16.0,Low,Low,dive,,high,scenario=calm_dry
2022-10-20,dauin_muck,0.0,9.43,0.66,0.7,16.0,Low,Low,dive,,high,scenario=calm_dry
2022-10-21,dauin_muck,0.0,13.01,0.62,0.58,16.0,Low,Low,dive,,high,scenario=calm_dry
2022-10-28,dauin_muck,19.7,32.08,2.37,0.75,3.0,High,High,no_dive,swell,high,scenario=calm_dry
2022-10-29,dauin_muck,0.95,8.75,0.74,0.88,8.0,Low,Low,poor_viz,,high,scenario=calm_dry
2022-10-30,dauin_muck,1.48,12.18,0.65,0.92,16.0,Low,Low,dive,,high,scenario=calm_dry
2022-10-31,dauin_muck,0.0,10.98,0.85,0.93,16.0,Low,Low,dive,,high,scenario=calm_dry
2022-11-01,dauin_muck,0.0,13.08,0.89,0.83,16.0,Low,Low,dive,,high,scenario=calm_dry
2022-11-02,dauin_muck,0.0,9.43,0.76,0.81,16.0,Low,Low,dive,,high,scenario=calm_dry
2022-11-07,dauin_muck,51.37,72.41,3.79,0.55,3.0,High,High,no_dive,swell,high,scenario=calm_dry
2022-11-08,dauin_muck,0.0,11.96,0.78,0.58,3.0,Low,Low,no_dive,weather,high,scenario=calm_dry
2022-11-09,dauin_muck,0.0,10.73,0.62,0.6,16.0,Low,Low,dive,,high,scenario=calm_dry
2022-11-10,dauin_muck,0.0,11.14,0.63,0.68,16.0,Low,Low,dive,,high,scenario=calm_dry
2022-11-11,dauin_muck,0.0,11.34,0.71,0.74,16.0,Low,Low,dive,,high,scenario=calm_dry
2022-11-12,dauin_muck,0.0,11.54,0.66,0.82,16.0,Low,Low,dive,,high,scenario=calm_dry
2022-11-13,dauin_muck,0.0,12.06,0.73,0.88,16.0,Low,Low,dive,,high,scenario=calm_dry
2022-11-14,dauin_muck,0.0,13.33,0.75,0.95,16.0,Low,Low,dive,,high,scenario=calm_dry
2022-11-15,dauin_muck,0.0,12.69,0.89,0.94,16.0,Low,Low,dive,,high,scenario=calm_dry
2022-11-16,dauin_muck,0.0,14.25,0.84,0.86,16.0,Low,Low,dive,,high,scenario=calm_dry
2022-11-17,dauin_muck,0.0,10.5,0.86,0.74,16.0,Low,Low,dive,,high,scenario=calm_dry
2022-11-18,dauin_muck,0.0,9.13,0.67,0.66,16.0,Low,Low,dive,,high,scenario=calm_dry
2022-11-19,dauin_muck,0.0,11.03,0.71,0.64,16.0,Low,Low,dive,,high,scenario=calm_dry
2022-11-20,dauin_muck,0.0,9.35,0.65,0.63,16.0,Low,Low,dive,,high,scenario=calm_dry
2022-11-21,dauin_muck,0.22,11.64,0.62,0.54,16.0,Low,Low,dive,,high,scenario=calm_dry
2022-11-22,dauin_muck,0.4,12.39,0.64,0.52,16.0,Low,Low,dive,,high,scenario=calm_dry
2022-11-23,dauin_muck,0.0,10.16,0.64,0.57,16.0,Low,Low,dive,,high,scenario=calm_dry
2022-11-24,dauin_muck,0.0,9.76,0.61,0.66,16.0,Low,Low,dive,,high,scenario=calm_dry
2022-11-25,dauin_muck,0.0,7.83,0.7,0.67,16.0,Low,Low,dive,,high,scenario=calm_dry
2022-11-26,dauin_muck,0.0,9.29,0.71,0.76,16.0,Low,Low,dive,,high,scenario=calm_dry
2022-11-27,dauin_muck,0.0,11.08,0.66,0.89,16.0,Low,Low,dive,,high,scenario=calm_dry
2022-11-28,dauin_muck,0.93,12.04,0.74,0.88,16.0,Low,Low,dive,,high,scenario=calm_dry
2022-11-29,dauin_muck,1.75,13.63,0.72,0.91,16.0,Low,Low,dive,,high,scenario=calm_dry
2022-11-30,dauin_muck,0.0,13.63,0.8,0.86,16.0,Low,Low,dive,,high,scenario=calm_dry
2022-12-01,dauin_muck,0.0,11.05,0.68,0.82,16.0,Low,Low,dive,,high,scenario=calm_dry
2022-12-02,dauin_muck,0.0,11.29,0.74,0.75,16.0,Low,Low,dive,,high,scenario=calm_dry
2022-12-03,dauin_muck,1.2,11.59,0.67,0.65,16.0,Low,Low,dive,,high,scenario=calm_dry
2022-12-04,dauin_muck,1.96,10.83,0.69,0.61,16.0,Low,Low,dive,,high,scenario=calm_dry
2022-12-05,dauin_muck,0.0,12.05,0.74,0.56,16.0,Low,Low,dive,,high,scenario=calm_dry
2022-12-06,dauin_muck,0.0,15.36,0.88,0.54,16.0,Low,Low,dive,,high,scenario=calm_dry
2022-12-07,dauin_muck,0.0,11.58,0.74,0.54,16.0,Low,Low,dive,,high,scenario=calm_dry
2022-12-08,dauin_muck,0.0,12.18,0.78,0.57,16.0,Low,Low,dive,,high,scenario=calm_dry
2022-12-11,dauin_muck,35.5,75.72,3.93,0.78,3.0,High,High,no_dive,swell,high,scenario=calm_dry
2022-12-12,dauin_muck,0.0,12.34,0.9,0.89,8.0,Low,Low,poor_viz,,high,scenario=calm_dry
2022-12-13,dauin_muck,0.0,13.23,0.73,0.88,16.0,Low,Low,dive,,high,scenario=calm_dry
2022-12-15,dauin_muck,64.38,68.17,3.91,0.8,3.0,High,High,no_dive,swell,high,scenario=calm_dry
2022-12-16,dauin_muck,0.0,15.39,0.75,0.78,3.0,Low,Low,no_dive,weather,high,scenario=calm_dry
2022-12-17,dauin_muck,0.0,11.52,0.72,0.71,16.0,Low,Low,dive,,high,scenario=calm_dry
2022-12-18,dauin_muck,0.0,10.22,0.64,0.66,16.0,Low,Low,dive,,high,scenario=calm_dry
2022-12-19,dauin_muck,0.0,11.31,0.82,0.59,16.0,Low,Low,dive,,high,scenario=calm_dry
2022-12-20,dauin_muck,0.0,11.17,0.8,0.58,16.0,Low,Low,dive,,high,scenario=calm_dry
2022-12-21,dauin_muck,0.0,12.11,0.84,0.54,16.0,Low,Low,dive,,high,scenario=calm_dry
2022-12-26,dauin_muck,0.0,17.74,0.96,0.83,16.0,Low,Low,dive,,high,scenario=calm_dry
2022-12-27,dauin_muck,0.0,14.54,0.89,0.9,16.0,Low,Low,dive,,high,scenario=calm_dry
2022-12-28,dauin_muck,0.0,10.33,0.62,0.87,16.0,Low,Low,dive,,high,scenario=calm_dry
2022-12-29,dauin_muck,0.0,11.38,0.81,0.87,16.0,Low,Low,dive,,high,scenario=calm_dry
2022-12-30,dauin_muck,0.0,12.9,0.79,0.86,16.0,Low,Low,dive,,high,scenario=calm_dry
2022-12-31,dauin_muck,0.0,11.06,0.67,0.75,16.0,Low,Low,dive,,high,scenario=calm_dry
2023-01-01,dauin_muck,0.0,9.9,0.75,0.69,16.0,Low,Low,dive,,high,scenario=calm_dry
2023-01-15,dauin_muck,29.79,26.13,2.08,0.77,3.0,High,High,no_dive,swell,high,scenario=calm_dry
2023-01-16,dauin_muck,0.0,11.81,0.7,0.63,8.0,Low,Low,poor_viz,,high,scenario=calm_dry
2023-01-17,dauin_muck,0.0,10.65,0.68,0.57,16.0,Low,Low,dive,,high,scenario=calm_dry
2023-01-18,dauin_muck,0.0,9.85,0.7,0.54,16.0,Low,Low,dive,,high,scenario=calm_dry
2023-01-19,dauin_muck,0.0,12.31,0.75,0.57,16.0,Low,Low,dive,,high,scenario=calm_dry
2023-01-20,dauin_muck,0.0,15.22,0.79,0.59,16.0,Low,Low,dive,,high,scenario=calm_dry
2023-01-21,dauin_muck,0.0,10.56,0.69,0.62,16.0,Low,Low,dive,,high,scenario=calm_dry
2023-01-22,dauin_muck,0.0,8.19,0.74,0.64,16.0,Low,Low,dive,,high,scenario=calm_dry
2023-01-23,dauin_muck,0.0,11.72,0.75,0.68,16.0,Low,Low,dive,,high,scenario=calm_dry
2023-01-27,dauin_muck,0.0,18.89,1.04,0.92,16.0,Low,Low,dive,,high,scenario=calm_dry
2023-01-28,dauin_muck,0.0,10.74,0.77,0.88,16.0,Low,Low,dive,,high,scenario=calm_dry
2023-01-29,dauin_muck,0.0,10.88,0.79,0.83,16.0,Low,Low,dive,,high,scenario=calm_dry
2023-01-30,dauin_muck,0.0,12.52,0.84,0.73,16.0,Low,Low,dive,,high,scenario=calm_dry
2023-01-31,dauin_muck,0.0,12.52,0.86,0.65,16.0,Low,Low,dive,,high,scenario=calm_dry
2023-02-01,dauin_muck,0.0,12.07,0.71,0.61,16.0,Low,Low,dive,,high,scenario=calm_dry
2023-02-04,dauin_muck,0.0,27.77,2.11,0.6,3.0,High,High,no_dive,swell,high,scenario=calm_dry
2023-02-05,dauin_muck,0.0,10.01,0.58,0.59,16.0,Low,Low,dive,,high,scenario=calm_dry
2023-02-06,dauin_muck,0.0,11.24,0.82,0.66,16.0,Low,Low,dive,,high,scenario=calm_dry
2023-02-07,dauin_muck,0.0,10.63,0.84,0.74,16.0,Low,Low,dive,,high,scenario=calm_dry
2023-02-08,dauin_muck,0.0,11.23,0.82,0.84,16.0,Low,Low,dive,,high,scenario=calm_dry
2023-02-09,dauin_muck,0.0,11.94,0.7,0.91,16.0,Low,Low,dive,,high,scenario=calm_dry
2023-02-10,dauin_muck,0.0,13.52,0.83,0.95,16.0,Low,Low,dive,,high,scenario=calm_dry
2023-03-02,dauin_muck,0.0,25.85,1.94,0.67,8.0,Moderate,Moderate,poor_viz,weather,high,scenario=calm_dry
2023-03-03,dauin_muck,0.0,11.06,0.67,0.6,16.0,Low,Low,dive,,high,scenario=calm_dry
2023-03-04,dauin_muck,0.0,8.34,0.73,0.57,16.0,Low,Low,dive,,high,scenario=calm_dry
2023-03-19,dauin_muck,0.0,16.84,0.87,0.52,16.0,Low,Low,dive,,high,scenario=calm_dry
2023-03-20,dauin_muck,0.34,13.25,0.78,0.53,16.0,Low,Low,dive,,high,scenario=calm_dry
2023-03-21,dauin_muck,0.62,10.85,0.81,0.6,16.0,Low,Low,dive,,high,scenario=calm_dry
2023-03-22,dauin_muck,0.0,10.75,0.74,0.68,16.0,Low,Low,dive,,high,scenario=calm_dry
2023-03-23,dauin_muck,0.0,11.52,0.64,0.73,16.0,Low,Low,dive,,high,scenario=calm_dry
2023-03-24,dauin_muck,0.0,12.27,0.82,0.79,16.0,Low,Low,dive,,high,scenario=calm_dry
2023-03-25,dauin_muck,0.0,10.27,0.73,0.86,16.0,Low,Low,dive,,high,scenario=calm_dry
2023-03-26,dauin_muck,0.0,9.21,0.57,0.85,16.0,Low,Low,dive,,high,scenario=calm_dry
2023-03-27,dauin_muck,0.14,8.25,0.54,0.85,16.0,Low,Low,dive,,high,scenario=calm_dry
2023-03-28,dauin_muck,0.25,10.56,0.64,0.9,16.0,Low,Low,dive,,high,scenario=calm_dry
2023-03-29,dauin_muck,0.0,12.51,0.86,0.84,16.0,Low,Low,dive,,high,scenario=calm_dry
2023-03-30,dauin_muck,0.0,10.53,0.81,0.77,16.0,Low,Low,dive,,high,scenario=calm_dry
2023-03-31,dauin_muck,0.0,10.35,0.68,0.7,16.0,Low,Low,dive,,high,scenario=calm_dry
2023-04-01,dauin_muck,0.0,13.21,0.78,0.63,16.0,Low,Low,dive,,high,scenario=calm_dry
2023-04-02,dauin_muck,0.0,11.64,0.74,0.56,16.0,Low,Low,dive,,high,scenario=calm_dry
2023-04-03,dauin_muck,0.0,10.14,0.7,0.54,16.0,Low,Low,dive,,high,scenario=calm_dry
2023-04-04,dauin_muck,0.0,11.85,0.72,0.56,16.0,Low,Low,dive,,high,scenario=calm_dry
2023-04-05,dauin_muck,0.0,14.25,0.73,0.64,16.0,Low,Low,dive,,high,scenario=calm_dry
2023-04-06,dauin_muck,0.0,15.28,0.96,0.69,16.0,Low,Low,dive,,high,scenario=calm_dry
2023-04-07,dauin_muck,0.0,13.43,0.79,0.76,16.0,Low,Low,dive,,high,scenario=calm_dry
2023-04-09,dauin_muck,0.0,28.84,1.88,0.89,8.0,Moderate,Moderate,poor_viz,weather,high,scenario=calm_dry
2023-04-10,dauin_muck,0.0,10.11,0.58,0.9,16.0,Low,Low,dive,,high,scenario=calm_dry
2023-04-11,dauin_muck,0.0,11.59,0.72,0.89,16.0,Low,Low,dive,,high,scenario=calm_dry
2023-04-12,dauin_muck,0.0,11.59,0.62,0.86,16.0,Low,Low,dive,,high,scenario=calm_dry
2023-04-13,dauin_muck,0.0,11.57,0.72,0.84,16.0,Low,Low,dive,,high,scenario=calm_dry
2023-04-14,dauin_muck,0.0,13.99,0.92,0.74,16.0,Low,Low,dive,,high,scenario=calm_dry
2023-04-15,dauin_muck,0.0,17.22,0.98,0.66,16.0,Low,Low,dive,,high,scenario=calm_dry
2023-04-21,dauin_muck,0.0,16.46,1.21,0.69,8.0,Moderate,Moderate,poor_viz,swell,high,scenario=calm_dry
2023-04-23,dauin_muck,33.42,25.52,2.09,0.79,3.0,High,High,no_dive,swell,high,scenario=calm_dry
2023-04-24,dauin_muck,0.0,9.46,0.57,0.88,8.0,Low,Low,poor_viz,,high,scenario=calm_dry
2023-04-25,dauin_muck,0.0,8.89,0.63,0.89,16.0,Low,Low,dive,,high,scenario=calm_dry
2023-04-26,dauin_muck,0.0,8.69,0.69,0.88,16.0,Low,Low,dive,,high,scenario=calm_dry
2023-05-05,dauin_muck,0.0,26.82,1.94,0.65,8.0,Moderate,Moderate,poor_viz,weather,high,scenario=calm_dry
2023-05-06,dauin_muck,0.0,12.27,0.73,0.65,16.0,Low,Low,dive,,high,scenario=calm_dry
2023-05-07,dauin_muck,0.0,9.29,0.71,0.79,16.0,Low,Low,dive,,high,scenario=calm_dry
2023-05-08,dauin_muck,0.0,12.09,0.71,0.9,16.0,Low,Low,dive,,high,scenario=calm_dry
2023-05-09,dauin_muck,0.0,12.6,0.71,0.93,16.0,Low,Low,dive,,high,scenario=calm_dry
2023-05-11,dauin_muck,5.01,27.32,1.73,0.89,8.0,Moderate,Moderate,poor_viz,weather,high,scenario=calm_dry
2023-05-13,dauin_muck,0.0,25.29,1.66,0.79,8.0,Moderate,Moderate,poor_viz,weather,high,scenario=calm_dry
2023-05-14,dauin_muck,0.0,14.78,0.78,0.78,16.0,Low,Low,dive,,high,scenario=calm_dry
2023-05-15,dauin_muck,0.0,13.41,0.96,0.71,16.0,Low,Low,dive,,high,scenario=calm_dry
2023-05-16,dauin_muck,0.0,12.35,0.73,0.67,16.0,Low,Low,dive,,high,scenario=calm_dry
2023-05-17,dauin_muck,0.0,11.64,0.84,0.63,16.0,Low,Low,dive,,high,scenario=calm_dry
2023-05-18,dauin_muck,0.0,11.48,0.75,0.62,16.0,Low,Low,dive,,high,scenario=calm_dry
2023-05-19,dauin_muck,0.0,11.02,0.84,0.57,16.0,Low,Low,dive,,high,scenario=calm_dry
2023-05-20,dauin_muck,0.0,11.09,0.77,0.61,16.0,Low,Low,dive,,high,scenario=calm_dry
2023-05-21,dauin_muck,0.0,12.86,0.88,0.74,16.0,Low,Low,dive,,high,scenario=calm_dry
2023-05-22,dauin_muck,0.0,13.9,0.9,0.83,16.0,Low,Low,dive,,high,scenario=calm_dry
2023-05-23,dauin_muck,0.0,11.73,0.82,0.86,16.0,Low,Low,dive,,high,scenario=calm_dry
2023-05-24,dauin_muck,0.0,13.46,0.68,0.92,16.0,Low,Low,dive,,high,scenario=calm_dry
2023-05-25,dauin_muck,0.0,12.45,0.74,0.91,16.0,Low,Low,dive,,high,scenario=calm_dry
2023-05-26,dauin_muck,0.0,11.77,0.68,0.85,16.0,Low,Low,dive,,high,scenario=calm_dry
2023-05-27,dauin_muck,0.0,9.73,0.58,0.82,16.0,Low,Low,dive,,high,scenario=calm_dry
2023-05-28,dauin_muck,0.0,12.53,0.8,0.78,16.0,Low,Low,dive,,high,scenario=calm_dry
2023-06-01,dauin_muck,0.0,34.88,2.36,0.58,3.0,High,High,no_dive,swell,high,scenario=calm_dry
2023-06-02,dauin_muck,0.0,11.58,0.77,0.6,16.0,Low,Low,dive,,high,scenario=calm_dry
2023-06-03,dauin_muck,0.66,15.22,0.78,0.64,16.0,Low,Low,dive,,high,scenario=calm_dry
2023-06-04,dauin_muck,1.2,13.72,0.83,0.7,16.0,Low,Low,dive,,high,scenario=calm_dry
2023-06-24,dauin_muck,4.19,16.19,1.09,0.88,16.0,Low,Low,dive,,high,scenario=calm_dry
2023-06-25,dauin_muck,0.0,10.98,0.76,0.91,16.0,Low,Low,dive,,high,scenario=calm_dry
2023-06-26,dauin_muck,0.0,13.56,0.96,0.9,16.0,Low,Low,dive,,high,scenario=calm_dry
2023-06-27,dauin_muck,0.0,11.74,0.8,0.86,16.0,Low,Low,dive,,high,scenario=calm_dry
2023-06-28,dauin_muck,0.0,12.39,0.86,0.73,16.0,Low,Low,dive,,high,scenario=calm_dry
2023-06-29,dauin_muck,0.0,14.68,0.69,0.59,16.0,Low,Low,dive,,high,scenario=calm_dry
2023-06-30,dauin_muck,0.0,11.64,0.57,0.57,16.0,Low,Low,dive,,high,scenario=calm_dry
2023-07-01,dauin_muck,0.0,14.93,0.82,0.57,16.0,Low,Low,dive,,high,scenario=calm_dry
2023-07-02,dauin_muck,0.0,14.41,0.8,0.64,16.0,Low,Low,dive,,high,scenario=calm_dry
2023-07-03,dauin_muck,0.0,11.55,0.7,0.7,16.0,Low,Low,dive,,high,scenario=calm_dry
2023-07-04,dauin_muck,0.0,11.98,0.88,0.73,16.0,Low,Low,dive,,high,scenario=calm_dry
2023-07-05,dauin_muck,0.0,14.13,0.84,0.84,16.0,Low,Low,dive,,high,scenario=calm_dry
2023-07-09,dauin_muck,2.55,33.34,2.29,0.92,3.0,High,High,no_dive,swell,high,scenario=calm_dry
2023-07-10,dauin_muck,0.0,8.8,0.68,0.9,16.0,Low,Low,dive,,high,scenario=calm_dry
2023-07-11,dauin_muck,0.0,13.44,0.72,0.85,16.0,Low,Low,dive,,high,scenario=calm_dry
2023-07-12,dauin_muck,0.0,14.19,0.84,0.76,16.0,Low,Low,dive,,high,scenario=calm_dry
2023-07-13,dauin_muck,0.0,11.83,0.64,0.69,16.0,Low,Low,dive,,high,scenario=calm_dry
2023-07-21,dauin_muck,0.0,17.48,0.84,0.78,16.0,Low,Low,dive,,high,scenario=calm_dry
2023-07-22,dauin_muck,0.0,11.28,0.62,0.89,16.0,Low,Low,dive,,high,scenario=calm_dry
2023-07-23,dauin_muck,0.0,11.82,0.64,0.91,16.0,Low,Low,dive,,high,scenario=calm_dry
2023-07-24,dauin_muck,0.0,15.34,0.9,0.93,16.0,Low,Low,dive,,high,scenario=calm_dry
2023-07-25,dauin_muck,0.0,15.34,0.9,0.9,16.0,Low,Low,dive,,high,scenario=calm_dry
2023-07-26,dauin_muck,0.0,12.23,0.77,0.83,16.0,Low,Low,dive,,high,scenario=calm_dry
2023-08-04,dauin_muck,3.92,25.57,2.25,0.77,3.0,High,High,no_dive,swell,high,scenario=calm_dry
2023-08-05,dauin_muck,0.0,7.15,0.53,0.82,16.0,Low,Low,dive,,high,scenario=calm_dry
2023-08-06,dauin_muck,0.0,10.62,0.64,0.91,16.0,Low,Low,dive,,high,scenario=calm_dry
2023-08-07,dauin_muck,0.0,12.69,0.65,0.93,16.0,Low,Low,dive,,high,scenario=calm_dry
2023-08-08,dauin_muck,0.0,11.53,0.75,0.9,16.0,Low,Low,dive,,high,scenario=calm_dry
2023-08-09,dauin_muck,0.0,11.75,0.6,0.86,16.0,Low,Low,dive,,high,scenario=calm_dry
2023-08-10,dauin_muck,0.0,10.63,0.68,0.75,16.0,Low,Low,dive,,high,scenario=calm_dry
2023-08-11,dauin_muck,0.0,8.69,0.71,0.65,16.0,Low,Low,dive,,high,scenario=calm_dry
2023-08-12,dauin_muck,0.0,9.68,0.61,0.64,16.0,Low,Low,dive,,high,scenario=calm_dry
2023-08-13,dauin_muck,0.0,8.65,0.77,0.63,16.0,Low,Low,dive,,high,scenario=calm_dry
2023-08-14,dauin_muck,0.0,11.39,0.73,0.58,16.0,Low,Low,dive,,high,scenario=calm_dry
2023-08-15,dauin_muck,0.0,12.72,0.77,0.57,16.0,Low,Low,dive,,high,scenario=calm_dry
2023-08-21,dauin_muck,0.0,17.41,1.1,0.87,16.0,Low,Low,dive,,high,scenario=calm_dry
2023-08-30,dauin_muck,31.6,68.31,3.46,0.51,3.0,High,High,no_dive,swell,high,scenario=calm_dry
2023-08-31,dauin_muck,0.0,12.52,0.66,0.58,8.0,Low,Low,poor_viz,,high,scenario=calm_dry
2023-09-03,dauin_muck,0.0,17.2,1.11,0.84,16.0,Low,Low,dive,,high,scenario=calm_dry
2023-09-04,dauin_muck,0.0,10.88,0.7,0.86,16.0,Low,Low,dive,,high,scenario=calm_dry
2023-09-05,dauin_muck,0.0,11.43,0.62,0.85,16.0,Low,Low,dive,,high,scenario=calm_dry
2023-09-06,dauin_muck,0.0,12.31,0.81,0.83,16.0,Low,Low,dive,,high,scenario=calm_dry
2023-09-07,dauin_muck,0.0,12.46,0.88,0.84,16.0,Low,Low,dive,,high,scenario=calm_dry
2023-09-08,dauin_muck,0.0,9.98,0.59,0.79,16.0,Low,Low,dive,,high,scenario=calm_dry
2023-09-09,dauin_muck,0.48,11.36,0.68,0.74,16.0,Low,Low,dive,,high,scenario=calm_dry
2023-09-10,dauin_muck,0.88,12.96,0.75,0.66,16.0,Low,Low,dive,,high,scenario=calm_dry
2023-09-11,dauin_muck,0.0,12.56,0.78,0.6,16.0,Low,Low,dive,,high,scenario=calm_dry
2023-09-12,dauin_muck,0.0,13.71,0.74,0.57,16.0,Low,Low,dive,,high,scenario=calm_dry
2023-09-13,dauin_muck,0.0,13.08,0.73,0.51,16.0,Low,Low,dive,,high,scenario=calm_dry
2023-09-21,dauin_muck,0.0,23.14,1.77,0.84,8.0,Moderate,Moderate,poor_viz,weather,high,scenario=calm_dry
2023-09-22,dauin_muck,0.75,13.25,0.82,0.87,16.0,Low,Low,dive,,high,scenario=calm_dry
2023-09-23,dauin_muck,1.25,9.67,0.72,0.83,16.0,Low,Low,dive,,high,scenario=calm_dry
2023-09-24,dauin_muck,0.0,12.27,0.7,0.72,16.0,Low,Low,dive,,high,scenario=calm_dry
2023-09-25,dauin_muck,0.0,8.7,0.56,0.65,16.0,Low,Low,dive,,high,scenario=calm_dry
2023-09-26,dauin_muck,0.0,7.1,0.61,0.54,16.0,Low,Low,dive,,high,scenario=calm_dry
2023-09-27,dauin_muck,0.0,12.87,0.73,0.55,16.0,Low,Low,dive,,high,scenario=calm_dry
2023-09-28,dauin_muck,0.94,12.87,0.8,0.54,16.0,Low,Low,dive,,high,scenario=calm_dry
2023-09-29,dauin_muck,1.77,9.91,0.77,0.64,16.0,Low,Low,dive,,high,scenario=calm_dry
2023-09-30,dauin_muck,0.16,8.36,0.65,0.61,16.0,Low,Low,dive,,high,scenario=calm_dry
2023-10-01,dauin_muck,0.28,9.32,0.58,0.7,16.0,Low,Low,dive,,high,scenario=calm_dry
2023-10-02,dauin_muck,0.0,11.09,0.61,0.75,16.0,Low,Low,dive,,high,scenario=calm_dry
2023-10-03,dauin_muck,0.0,13.96,0.64,0.79,16.0,Low,Low,dive,,high,scenario=calm_dry
2023-10-04,dauin_muck,0.0,13.79,0.72,0.86,16.0,Low,Low,dive,,high,scenario=calm_dry
2023-10-05,dauin_muck,0.0,9.66,0.65,0.91,16.0,Low,Low,dive,,high,scenario=calm_dry
2023-10-06,dauin_muck,0.0,11.45,0.63,0.95,16.0,Low,Low,dive,,high,scenario=calm_dry
2023-10-07,dauin_muck,0.0,13.17,0.75,0.89,16.0,Low,Low,dive,,high,scenario=calm_dry
2023-10-15,dauin_muck,0.0,37.89,2.4,0.67,3.0,High,High,no_dive,swell,high,scenario=calm_dry
2023-10-16,dauin_muck,0.0,11.35,0.7,0.68,16.0,Low,Low,dive,,high,scenario=calm_dry
2023-10-17,dauin_muck,0.0,12.04,0.68,0.75,16.0,Low,Low,dive,,high,scenario=calm_dry
2023-10-18,dauin_muck,0.0,12.04,0.68,0.79,16.0,Low,Low,dive,,high,scenario=calm_dry
2023-10-19,dauin_muck,0.0,11.89,0.74,0.9,16.0,Low,Low,dive,,high,scenario=calm_dry
2023-10-20,dauin_muck,0.0,14.17,0.82,0.87,16.0,Low,Low,dive,,high,scenario=calm_dry
2023-10-21,dauin_muck,0.0,10.83,0.72,0.92,16.0,Low,Low,dive,,high,scenario=calm_dry
2023-10-22,dauin_muck,0.0,11.87,0.8,0.82,16.0,Low,Low,dive,,high,scenario=calm_dry
2023-10-23,dauin_muck,0.0,13.82,0.78,0.74,16.0,Low,Low,dive,,high,scenario=calm_dry
2023-10-24,dauin_muck,0.0,13.82,0.77,0.65,16.0,Low,Low,dive,,high,scenario=calm_dry
2023-11-04,dauin_muck,0.0,13.92,1.09,0.88,16.0,Low,Low,dive,,high,scenario=calm_dry
2023-11-05,dauin_muck,0.0,10.62,0.67,0.85,16.0,Low,Low,dive,,high,scenario=calm_dry
2023-11-06,dauin_muck,0.0,10.33,0.82,0.82,16.0,Low,Low,dive,,high,scenario=calm_dry
2023-11-07,dauin_muck,0.0,13.31,0.86,0.67,16.0,Low,Low,dive,,high,scenario=calm_dry
2023-11-08,dauin_muck,0.0,9.27,0.71,0.68,16.0,Low,Low,dive,,high,scenario=calm_dry
2023-11-12,dauin_muck,0.0,13.62,0.95,0.55,3.0,Low,Low,no_dive,weather,high,scenario=calm_dry
2023-11-13,dauin_muck,0.0,7.46,0.67,0.59,16.0,Low,Low,dive,,high,scenario=calm_dry
2023-11-14,dauin_muck,0.0,8.83,0.77,0.61,16.0,Low,Low,dive,,high,scenario=calm_dry
2023-11-15,dauin_muck,0.0,9.4,0.55,0.77,16.0,Low,Low,dive,,high,scenario=calm_dry
2023-12-01,dauin_muck,48.66,78.55,4.11,0.84,3.0,High,High,no_dive,swell,high,scenario=calm_dry
2023-12-02,dauin_muck,0.0,11.08,0.68,0.88,3.0,Low,Low,no_dive,weather,high,scenario=calm_dry
2023-12-03,dauin_muck,0.0,11.72,0.87,0.91,16.0,Low,Low,dive,,high,scenario=calm_dry
2023-12-04,dauin_muck,0.0,11.72,0.83,0.87,16.0,Low,Low,dive,,high,scenario=calm_dry
2023-12-05,dauin_muck,0.0,9.68,0.58,0.84,16.0,Low,Low,dive,,high,scenario=calm_dry
2023-12-06,dauin_muck,0.0,10.81,0.71,0.76,16.0,Low,Low,dive,,high,scenario=calm_dry
2023-12-14,dauin_muck,4.34,27.69,1.8,0.76,8.0,Moderate,Moderate,poor_viz,weather,high,scenario=calm_dry
2023-12-15,dauin_muck,0.0,12.96,0.88,0.8,16.0,Low,Low,dive,,high,scenario=calm_dry
2023-12-16,dauin_muck,0.0,13.07,0.96,0.8,16.0,Low,Low,dive,,high,scenario=calm_dry
2023-12-17,dauin_muck,0.0,12.64,0.81,0.87,16.0,Low,Low,dive,,high,scenario=calm_dry
2023-12-18,dauin_muck,0.0,12.53,0.63,0.9,16.0,Low,Low,dive,,high,scenario=calm_dry
2023-12-19,dauin_muck,0.0,12.25,0.68,0.88,16.0,Low,Low,dive,,high,scenario=calm_dry
2023-12-31,dauin_muck,0.0,27.58,2.26,0.87,3.0,High,High,no_dive,swell,high,scenario=calm_dry
2024-01-01,dauin_muck,0.0,11.96,0.82,0.91,16.0,Low,Low,dive,,high,scenario=calm_dry
2024-01-02,dauin_muck,0.0,13.1,0.92,0.91,16.0,Low,Low,dive,,high,scenario=calm_dry
2024-01-03,dauin_muck,0.0,11.61,0.72,0.85,16.0,Low,Low,dive,,high,scenario=calm_dry
2024-01-04,dauin_muck,0.0,8.67,0.67,0.8,16.0,Low,Low,dive,,high,scenario=calm_dry
2024-01-05,dauin_muck,0.0,11.04,0.73,0.67,16.0,Low,Low,dive,,high,scenario=calm_dry
2024-01-13,dauin_muck,0.0,14.44,0.87,0.68,16.0,Low,Low,dive,,high,scenario=calm_dry
2024-01-14,dauin_muck,0.0,11.61,0.77,0.8,16.0,Low,Low,dive,,high,scenario=calm_dry
2024-01-15,dauin_muck,0.0,7.17,0.39,0.9,16.0,Low,Low,dive,,high,scenario=calm_dry
2024-01-18,dauin_muck,0.0,28.56,1.92,0.86,8.0,Moderate,Moderate,poor_viz,weather,high,scenario=calm_dry
2024-01-19,dauin_muck,0.0,9.72,0.73,0.74,16.0,Low,Low,dive,,high,scenario=calm_dry
2024-01-20,dauin_muck,0.0,11.2,0.72,0.65,16.0,Low,Low,dive,,high,scenario=calm_dry
2024-02-03,dauin_muck,4.87,32.3,2.01,0.75,3.0,High,High,no_dive,swell,high,scenario=calm_dry
2024-02-06,dauin_muck,0.0,18.21,0.94,0.61,16.0,Low,Low,dive,,high,scenario=calm_dry
2024-02-07,dauin_muck,0.0,11.56,0.84,0.53,16.0,Low,Low,dive,,high,scenario=calm_dry
2024-02-08,dauin_muck,0.0,12.7,0.86,0.55,16.0,Low,Low,dive,,high,scenario=calm_dry
2024-02-09,dauin_muck,0.92,12.7,0.92,0.57,16.0,Low,Low,dive,,high,scenario=calm_dry
2024-02-10,dauin_muck,1.66,12.71,0.92,0.66,16.0,Low,Low,dive,,high,scenario=calm_dry
2024-02-11,dauin_muck,1.05,14.79,0.95,0.72,16.0,Low,Low,dive,,high,scenario=calm_dry
2024-02-12,dauin_muck,1.86,12.74,0.7,0.8,16.0,Low,Low,dive,,high,scenario=calm_dry
2024-02-13,dauin_muck,0.02,13.05,0.85,0.86,16.0,Low,Low,dive,,high,scenario=calm_dry
2024-02-14,dauin_muck,0.32,12.41,0.79,0.88,16.0,Low,Low,dive,,high,scenario=calm_dry
2024-02-15,dauin_muck,0.49,13.45,0.79,0.87,16.0,Low,Low,dive,,high,scenario=calm_dry
2024-02-16,dauin_muck,0.0,13.14,0.67,0.89,16.0,Low,Low,dive,,high,scenario=calm_dry
2024-02-17,dauin_muck,0.0,9.35,0.67,0.81,16.0,Low,Low,dive,,high,scenario=calm_dry
2024-02-18,dauin_muck,0.0,10.32,0.7,0.73,16.0,Low,Low,dive,,high,scenario=calm_dry
2024-02-19,dauin_muck,0.0,10.39,0.65,0.7,16.0,Low,Low,dive,,high,scenario=calm_dry
2024-02-21,dauin_muck,31.32,32.53,1.94,0.56,3.0,Moderate,Moderate,no_dive,weather,high,scenario=calm_dry
2024-02-22,dauin_muck,0.0,12.36,0.81,0.51,8.0,Low,Low,poor_viz,,high,scenario=calm_dry
2024-03-03,dauin_muck,0.0,13.88,1.0,0.82,16.0,Low,Low,dive,,high,scenario=calm_dry
2024-03-04,dauin_muck,0.0,11.32,0.67,0.77,16.0,Low,Low,dive,,high,scenario=calm_dry
2024-03-05,dauin_muck,0.0,11.32,0.63,0.66,16.0,Low,Low,dive,,high,scenario=calm_dry
2024-03-06,dauin_muck,0.0,9.37,0.58,0.61,16.0,Low,Low,dive,,high,scenario=calm_dry
2024-03-16,dauin_muck,0.0,15.7,1.13,0.9,16.0,Low,Low,dive,,high,scenario=calm_dry
2024-04-17,dauin_muck,0.0,34.41,2.05,0.79,3.0,High,High,no_dive,swell,high,scenario=calm_dry
2024-04-18,dauin_muck,0.0,12.37,0.88,0.67,16.0,Low,Low,dive,,high,scenario=calm_dry
2024-04-19,dauin_muck,0.0,13.67,0.8,0.68,16.0,Low,Low,dive,,high,scenario=calm_dry
2024-04-20,dauin_muck,0.0,13.67,0.76,0.6,16.0,Low,Low,dive,,high,scenario=calm_dry
2024-04-28,dauin_muck,58.34,73.14,4.11,0.93,3.0,High,High,no_dive,swell,high,scenario=calm_dry
2024-04-29,dauin_muck,0.0,9.19,0.76,0.89,3.0,Low,Low,no_dive,weather,high,scenario=calm_dry
2024-04-30,dauin_muck,0.0,10.91,0.69,0.83,16.0,Low,Low,dive,,high,scenario=calm_dry
2024-05-01,dauin_muck,0.0,11.55,0.66,0.8,16.0,Low,Low,dive,,high,scenario=calm_dry
2024-05-02,dauin_muck,0.0,11.46,0.77,0.74,16.0,Low,Low,dive,,high,scenario=calm_dry
2024-05-03,dauin_muck,0.0,11.18,0.7,0.72,16.0,Low,Low,dive,,high,scenario=calm_dry
2024-05-04,dauin_muck,0.0,12.75,0.8,0.69,16.0,Low,Low,dive,,high,scenario=calm_dry
2024-05-05,dauin_muck,0.0,10.52,0.68,0.64,16.0,Low,Low,dive,,high,scenario=calm_dry
2024-05-08,dauin_muck,53.51,97.19,6.33,0.62,3.0,High,High,no_dive,swell,high,scenario=calm_dry
2024-05-21,dauin_muck,1.82,27.5,2.12,0.57,3.0,High,High,no_dive,swell,high,scenario=calm_dry
2024-05-29,dauin_muck,2.61,29.88,1.88,0.84,8.0,Moderate,Moderate,poor_viz,weather,high,scenario=calm_dry
2024-05-30,dauin_muck,0.0,11.91,0.88,0.87,16.0,Low,Low,dive,,high,scenario=calm_dry
2024-06-01,dauin_muck,56.08,83.07,4.52,0.78,3.0,High,High,no_dive,swell,high,scenario=calm_dry
2024-06-02,dauin_muck,0.0,11.79,0.8,0.7,3.0,Low,Low,no_dive,weather,high,scenario=calm_dry
2024-06-03,dauin_muck,0.0,12.59,0.79,0.62,16.0,Low,Low,dive,,high,scenario=calm_dry
2024-06-04,dauin_muck,0.0,12.75,0.66,0.55,16.0,Low,Low,dive,,high,scenario=calm_dry
2024-06-11,dauin_muck,0.0,28.58,2.13,0.85,3.0,High,High,no_dive,swell,high,scenario=calm_dry
2024-06-12,dauin_muck,0.0,10.91,0.67,0.86,16.0,Low,Low,dive,,high,scenario=calm_dry
2024-06-13,dauin_muck,0.0,12.45,0.69,0.91,16.0,Low,Low,dive,,high,scenario=calm_dry
2024-06-29,dauin_muck,48.7,80.22,6.75,0.91,3.0,High,High,no_dive,swell,high,scenario=calm_dry
2024-06-30,dauin_muck,0.0,14.98,0.77,0.82,3.0,Low,Low,no_dive,weather,high,scenario=calm_dry
2024-07-03,dauin_muck,3.12,12.92,0.8,0.58,16.0,Low,Low,dive,,high,scenario=calm_dry
2024-07-25,dauin_muck,7.63,33.29,2.1,0.89,3.0,High,High,no_dive,swell,high,scenario=calm_dry
2024-07-26,dauin_muck,0.0,13.11,0.73,0.88,16.0,Low,Low,dive,,high,scenario=calm_dry
2024-07-27,dauin_muck,0.0,13.07,0.61,0.89,16.0,Low,Low,dive,,high,scenario=calm_dry
2024-07-28,dauin_muck,0.0,10.52,0.68,0.84,16.0,Low,Low,dive,,high,scenario=calm_dry
2024-07-29,dauin_muck,0.0,10.93,0.75,0.77,16.0,Low,Low,dive,,high,scenario=calm_dry
2024-07-30,dauin_muck,0.0,9.18,0.61,0.74,16.0,Low,Low,dive,,high,scenario=calm_dry
2024-08-03,dauin_muck,0.0,12.97,0.96,0.61,16.0,Low,Low,dive,,high,scenario=calm_dry
2024-08-04,dauin_muck,0.0,14.69,0.76,0.63,16.0,Low,Low,dive,,high,scenario=calm_dry
2024-08-24,dauin_muck,0.0,27.7,1.81,0.84,8.0,Moderate,Moderate,poor_viz,weather,high,scenario=calm_dry
2024-08-25,dauin_muck,0.0,11.63,0.72,0.87,16.0,Low,Low,dive,,high,scenario=calm_dry
2024-09-28,dauin_muck,0.0,17.75,1.03,0.59,16.0,Low,Low,dive,,high,scenario=calm_dry
2024-10-16,dauin_muck,0.0,37.04,2.16,0.6,3.0,High,High,no_dive,swell,high,scenario=calm_dry
2024-10-17,dauin_muck,0.0,8.99,0.72,0.6,16.0,Low,Low,dive,,high,scenario=calm_dry
2024-10-18,dauin_muck,0.0,9.54,0.5,0.56,16.0,Low,Low,dive,,high,scenario=calm_dry
2024-10-19,dauin_muck,0.0,8.7,0.63,0.64,16.0,Low,Low,dive,,high,scenario=calm_dry
2024-10-20,dauin_muck,0.0,9.68,0.7,0.72,16.0,Low,Low,dive,,high,scenario=calm_dry
2024-10-21,dauin_muck,0.0,11.75,0.79,0.82,16.0,Low,Low,dive,,high,scenario=calm_dry
2024-10-22,dauin_muck,0.0,11.98,0.92,0.87,16.0,Low,Low,dive,,high,scenario=calm_dry
2024-10-23,dauin_muck,0.0,12.75,0.9,0.88,16.0,Low,Low,dive,,high,scenario=calm_dry
2024-10-24,dauin_muck,0.0,12.58,0.9,0.9,16.0,Low,Low,dive,,high,scenario=calm_dry
2024-10-25,dauin_muck,0.0,12.99,0.74,0.81,16.0,Low,Low,dive,,high,scenario=calm_dry
2024-10-26,dauin_muck,0.0,10.78,0.7,0.7,16.0,Low,Low,dive,,high,scenario=calm_dry
2024-10-27,dauin_muck,0.0,12.08,0.71,0.68,16.0,Low,Low,dive,,high,scenario=calm_dry
2024-10-28,dauin_muck,0.0,12.69,0.73,0.64,16.0,Low,Low,dive,,high,scenario=calm_dry
2024-10-29,dauin_muck,0.77,12.28,0.62,0.57,16.0,Low,Low,dive,,high,scenario=calm_dry
2024-10-30,dauin_muck,1.19,8.4,0.72,0.55,16.0,Low,Low,dive,,high,scenario=calm_dry
2024-10-31,dauin_muck,0.0,11.98,0.72,0.53,16.0,Low,Low,dive,,high,scenario=calm_dry
2024-11-01,dauin_muck,0.0,12.69,0.7,0.54,16.0,Low,Low,dive,,high,scenario=calm_dry
2024-11-05,dauin_muck,1.23,18.46,0.96,0.86,16.0,Low,Low,dive,,high,scenario=calm_dry
2024-11-06,dauin_muck,0.18,9.97,0.81,0.88,16.0,Low,Low,dive,,high,scenario=calm_dry
2024-11-25,dauin_muck,58.66,76.22,3.92,0.7,3.0,High,High,no_dive,swell,high,scenario=calm_dry
2024-11-26,dauin_muck,1.06,11.74,0.72,0.68,3.0,Low,Low,no_dive,weather,high,scenario=calm_dry
2024-11-27,dauin_muck,1.85,12.61,0.81,0.55,16.0,Low,Low,dive,,high,scenario=calm_dry
2024-12-18,dauin_muck,4.55,26.25,1.92,0.74,8.0,Moderate,Moderate,poor_viz,weather,high,scenario=calm_dry
2025-01-10,dauin_muck,59.71,75.76,4.28,0.62,3.0,High,High,no_dive,swell,high,scenario=calm_dry
2025-01-11,dauin_muck,0.0,9.9,0.68,0.58,3.0,Low,Low,no_dive,weather,high,scenario=calm_dry
2025-01-12,dauin_muck,0.0,13.21,0.86,0.54,16.0,Low,Low,dive,,high,scenario=calm_dry
2025-01-13,dauin_muck,0.0,13.91,0.89,0.58,16.0,Low,Low,dive,,high,scenario=calm_dry
2025-01-14,dauin_muck,0.0,13.91,0.9,0.61,16.0,Low,Low,dive,,high,scenario=calm_dry
2025-01-15,dauin_muck,0.0,11.45,0.63,0.68,16.0,Low,Low,dive,,high,scenario=calm_dry
2025-01-16,dauin_muck,0.0,11.49,0.76,0.78,16.0,Low,Low,dive,,high,scenario=calm_dry
2025-01-17,dauin_muck,0.0,11.58,0.84,0.84,16.0,Low,Low,dive,,high,scenario=calm_dry
2025-01-18,dauin_muck,0.0,13.14,0.81,0.91,16.0,Low,Low,dive,,high,scenario=calm_dry
2025-01-19,dauin_muck,0.0,11.02,0.59,0.92,16.0,Low,Low,dive,,high,scenario=calm_dry
2025-01-20,dauin_muck,0.0,12.6,0.91,0.89,16.0,Low,Low,dive,,high,scenario=calm_dry
2025-01-21,dauin_muck,0.0,15.28,0.89,0.79,16.0,Low,Low,dive,,high,scenario=calm_dry
2025-01-22,dauin_muck,0.0,13.13,0.77,0.82,16.0,Low,Low,dive,,high,scenario=calm_dry
2025-01-23,dauin_muck,0.0,11.36,0.85,0.71,16.0,Low,Low,dive,,high,scenario=calm_dry
2025-01-24,dauin_muck,0.0,9.99,0.7,0.71,16.0,Low,Low,dive,,high,scenario=calm_dry
2025-01-25,dauin_muck,0.0,9.87,0.68,0.66,16.0,Low,Low,dive,,high,scenario=calm_dry
2025-01-26,dauin_muck,0.0,13.58,0.88,0.56,16.0,Low,Low,dive,,high,scenario=calm_dry
2025-01-27,dauin_muck,0.0,13.53,0.83,0.52,16.0,Low,Low,dive,,high,scenario=calm_dry
2025-01-28,dauin_muck,0.0,9.16,0.64,0.5,16.0,Low,Low,dive,,high,scenario=calm_dry
2025-01-29,dauin_muck,0.0,9.61,0.74,0.58,16.0,Low,Low,dive,,high,scenario=calm_dry
2025-01-30,dauin_muck,0.0,11.59,0.8,0.66,16.0,Low,Low,dive,,high,scenario=calm_dry
2025-01-31,dauin_muck,0.0,13.8,0.87,0.76,16.0,Low,Low,dive,,high,scenario=calm_dry
2025-02-01,dauin_muck,0.0,9.35,0.61,0.84,16.0,Low,Low,dive,,high,scenario=calm_dry
2025-02-02,dauin_muck,0.0,11.57,0.65,0.9,16.0,Low,Low,dive,,high,scenario=calm_dry
2025-02-06,dauin_muck,0.0,14.35,1.11,0.81,16.0,Low,Low,dive,,high,scenario=calm_dry
2025-02-07,dauin_muck,0.0,13.72,0.87,0.74,16.0,Low,Low,dive,,high,scenario=calm_dry
2025-02-08,dauin_muck,0.0,9.99,0.7,0.66,16.0,Low,Low,dive,,high,scenario=calm_dry
2025-02-09,dauin_muck,0.0,11.75,0.67,0.58,16.0,Low,Low,dive,,high,scenario=calm_dry
2025-02-10,dauin_muck,0.0,8.41,0.58,0.55,16.0,Low,Low,dive,,high,scenario=calm_dry
2025-02-12,dauin_muck,0.0,29.65,2.04,0.62,3.0,High,High,no_dive,swell,high,scenario=calm_dry
2025-02-13,dauin_muck,0.0,10.51,0.63,0.6,16.0,Low,Low,dive,,high,scenario=calm_dry
2025-02-14,dauin_muck,0.0,10.8,0.85,0.77,16.0,Low,Low,dive,,high,scenario=calm_dry
2025-02-15,dauin_muck,0.49,12.47,0.86,0.78,16.0,Low,Low,dive,,high,scenario=calm_dry
2025-02-16,dauin_muck,0.94,12.46,0.57,0.85,16.0,Low,Low,dive,,high,scenario=calm_dry
2025-02-17,dauin_muck,0.0,11.6,0.56,0.85,16.0,Low,Low,dive,,high,scenario=calm_dry
2025-02-18,dauin_muck,0.0,11.6,0.64,0.88,16.0,Low,Low,dive,,high,scenario=calm_dry
2025-02-19,dauin_muck,0.0,9.91,0.54,0.84,16.0,Low,Low,dive,,high,scenario=calm_dry
2025-02-20,dauin_muck,0.0,12.23,0.67,0.84,16.0,Low,Low,dive,,high,scenario=calm_dry
2025-02-21,dauin_muck,0.0,13.6,0.73,0.81,16.0,Low,Low,dive,,high,scenario=calm_dry
2025-02-22,dauin_muck,0.0,13.34,0.79,0.69,16.0,Low,Low,dive,,high,scenario=calm_dry
2025-02-23,dauin_muck,0.0,13.17,0.8,0.63,16.0,Low,Low,dive,,high,scenario=calm_dry
2025-02-24,dauin_muck,0.0,12.73,0.7,0.58,16.0,Low,Low,dive,,high,scenario=calm_dry
2025-02-25,dauin_muck,0.0,8.08,0.63,0.53,16.0,Low,Low,dive,,high,scenario=calm_dry
2025-02-26,dauin_muck,0.0,11.8,0.78,0.57,16.0,Low,Low,dive,,high,scenario=calm_dry
2025-02-27,dauin_muck,0.0,9.51,0.72,0.64,16.0,Low,Low,dive,,high,scenario=calm_dry
2025-03-01,dauin_muck,80.0,65.04,5.04,0.74,3.0,High,High,no_dive,swell,high,scenario=calm_dry
2025-03-02,dauin_muck,0.0,10.56,0.61,0.77,3.0,Low,Low,no_dive,weather,high,scenario=calm_dry
2025-03-03,dauin_muck,0.0,11.38,0.72,0.82,16.0,Low,Low,dive,,high,scenario=calm_dry
2025-03-04,dauin_muck,0.0,12.69,0.89,0.91,16.0,Low,Low,dive,,high,scenario=calm_dry
2025-03-05,dauin_muck,0.0,13.23,0.95,0.94,16.0,Low,Low,dive,,high,scenario=calm_dry
2025-03-06,dauin_muck,0.0,13.92,0.67,0.85,16.0,Low,Low,dive,,high,scenario=calm_dry
2025-03-07,dauin_muck,0.0,10.55,0.55,0.87,16.0,Low,Low,dive,,high,scenario=calm_dry
2025-03-08,dauin_muck,0.0,10.55,0.61,0.75,16.0,Low,Low,dive,,high,scenario=calm_dry
2025-03-30,dauin_muck,23.54,28.43,1.92,0.66,3.0,Moderate,Moderate,no_dive,weather,high,scenario=calm_dry
2025-03-31,dauin_muck,0.0,11.14,0.84,0.72,8.0,Low,Low,poor_viz,,high,scenario=calm_dry
2025-04-01,dauin_muck,0.0,11.78,0.8,0.82,16.0,Low,Low,dive,,high,scenario=calm_dry
2025-04-02,dauin_muck,0.0,10.92,0.8,0.88,16.0,Low,Low,dive,,high,scenario=calm_dry
2025-04-03,dauin_muck,0.0,10.92,0.8,0.94,16.0,Low,Low,dive,,high,scenario=calm_dry
2025-05-16,dauin_muck,0.0,32.34,2.15,0.87,3.0,High,High,no_dive,swell,high,scenario=calm_dry
2025-05-23,dauin_muck,45.89,80.43,4.28,0.72,3.0,High,High,no_dive,swell,high,scenario=calm_dry
2025-05-24,dauin_muck,0.0,11.74,0.73,0.6,3.0,Low,Low,no_dive,weather,high,scenario=calm_dry
2025-05-25,dauin_muck,0.0,11.01,0.78,0.55,16.0,Low,Low,dive,,high,scenario=calm_dry
2025-05-26,dauin_muck,0.0,9.77,0.76,0.58,16.0,Low,Low,dive,,high,scenario=calm_dry
2025-05-27,dauin_muck,0.0,12.31,0.7,0.64,16.0,Low,Low,dive,,high,scenario=calm_dry
2025-06-04,dauin_muck,38.89,69.19,4.09,0.89,3.0,High,High,no_dive,swell,high,scenario=calm_dry
2025-06-05,dauin_muck,0.0,12.03,0.77,0.79,8.0,Low,Low,poor_viz,,high,scenario=calm_dry
2025-06-06,dauin_muck,0.0,9.93,0.7,0.68,16.0,Low,Low,dive,,high,scenario=calm_dry
2025-06-07,dauin_muck,0.0,10.54,0.7,0.61,16.0,Low,Low,dive,,high,scenario=calm_dry
2025-06-08,dauin_muck,0.0,9.87,0.67,0.61,16.0,Low,Low,dive,,high,scenario=calm_dry
2025-06-09,dauin_muck,0.0,13.9,0.95,0.58,16.0,Low,Low,dive,,high,scenario=calm_dry
2025-06-10,dauin_muck,0.0,15.18,0.95,0.63,16.0,Low,Low,dive,,high,scenario=calm_dry
2025-06-11,dauin_muck,0.0,14.12,0.8,0.66,16.0,Low,Low,dive,,high,scenario=calm_dry
2025-06-12,dauin_muck,0.0,13.39,0.79,0.72,16.0,Low,Low,dive,,high,scenario=calm_dry
2025-06-13,dauin_muck,0.0,12.38,0.82,0.76,16.0,Low,Low,dive,,high,scenario=calm_dry
2025-06-14,dauin_muck,0.0,12.38,0.82,0.81,16.0,Low,Low,dive,,high,scenario=calm_dry
2025-06-18,dauin_muck,0.0,19.17,1.2,0.86,8.0,Moderate,Moderate,poor_viz,swell,high,scenario=calm_dry
2025-06-19,dauin_muck,0.0,7.56,0.57,0.83,16.0,Low,Low,dive,,high,scenario=calm_dry
2025-06-20,dauin_muck,0.0,9.6,0.73,0.79,16.0,Low,Low,dive,,high,scenario=calm_dry
2025-06-21,dauin_muck,0.0,13.59,0.99,0.65,16.0,Low,Low,dive,,high,scenario=calm_dry
2025-06-22,dauin_muck,0.0,11.83,0.73,0.58,16.0,Low,Low,dive,,high,scenario=calm_dry
2025-06-23,dauin_muck,0.0,13.66,0.66,0.61,16.0,Low,Low,dive,,high,scenario=calm_dry
2025-06-24,dauin_muck,0.0,9.79,0.74,0.6,16.0,Low,Low,dive,,high,scenario=calm_dry
2025-06-25,dauin_muck,0.0,11.08,0.84,0.6,16.0,Low,Low,dive,,high,scenario=calm_dry
2025-06-26,dauin_muck,0.0,11.08,0.82,0.62,16.0,Low,Low,dive,,high,scenario=calm_dry
2025-06-27,dauin_muck,0.0,12.29,0.83,0.66,16.0,Low,Low,dive,,high,scenario=calm_dry
2025-06-28,dauin_muck,0.0,14.46,0.92,0.77,16.0,Low,Low,dive,,high,scenario=calm_dry
2025-06-29,dauin_muck,0.0,11.07,0.69,0.8,16.0,Low,Low,dive,,high,scenario=calm_dry
2025-06-30,dauin_muck,0.0,13.96,0.78,0.88,16.0,Low,Low,dive,,high,scenario=calm_dry
2025-07-16,dauin_muck,0.0,30.3,1.87,0.89,8.0,Moderate,Moderate,poor_viz,weather,high,scenario=calm_dry
2025-07-17,dauin_muck,0.0,12.61,0.66,0.9,16.0,Low,Low,dive,,high,scenario=calm_dry
2025-07-18,dauin_muck,0.0,14.61,0.76,0.79,16.0,Low,Low,dive,,high,scenario=calm_dry
2025-08-06,dauin_muck,0.0,12.26,0.87,0.55,16.0,Low,Low,dive,,high,scenario=calm_dry
2025-08-07,dauin_muck,0.0,14.18,0.76,0.51,16.0,Low,Low,dive,,high,scenario=calm_dry
2025-08-08,dauin_muck,0.0,10.58,0.73,0.54,16.0,Low,Low,dive,,high,scenario=calm_dry
2025-08-09,dauin_muck,0.37,13.5,0.9,0.61,16.0,Low,Low,dive,,high,scenario=calm_dry
2025-08-10,dauin_muck,0.56,8.53,0.57,0.7,16.0,Low,Low,dive,,high,scenario=calm_dry
2025-08-24,dauin_muck,57.28,87.22,6.16,0.63,3.0,High,High,no_dive,swell,high,scenario=calm_dry
2025-08-25,dauin_muck,0.0,14.02,0.83,0.66,3.0,Low,Low,no_dive,weather,high,scenario=calm_dry
2025-08-26,dauin_muck,0.62,14.03,0.65,0.74,16.0,Low,Low,dive,,high,scenario=calm_dry
2025-08-27,dauin_muck,1.0,9.3,0.61,0.76,16.0,Low,Low,dive,,high,scenario=calm_dry
2025-08-28,dauin_muck,0.0,10.58,0.66,0.86,16.0,Low,Low,dive,,high,scenario=calm_dry
2025-09-01,dauin_muck,0.0,28.67,1.92,0.78,8.0,Moderate,Moderate,poor_viz,weather,high,scenario=calm_dry
2025-09-02,dauin_muck,0.0,12.09,0.8,0.73,16.0,Low,Low,dive,,high,scenario=calm_dry
2025-09-03,dauin_muck,0.0,11.58,0.8,0.62,16.0,Low,Low,dive,,high,scenario=calm_dry
2025-09-04,dauin_muck,0.0,11.98,0.79,0.6,16.0,Low,Low,dive,,high,scenario=calm_dry
2025-09-07,dauin_muck,0.0,23.61,1.82,0.6,8.0,Moderate,Moderate,poor_viz,weather,high,scenario=calm_dry
2025-09-08,dauin_muck,0.0,13.66,0.92,0.66,16.0,Low,Low,dive,,high,scenario=calm_dry
2025-09-09,dauin_muck,0.0,11.06,0.74,0.67,16.0,Low,Low,dive,,high,scenario=calm_dry
2025-09-10,dauin_muck,0.0,11.06,0.52,0.72,16.0,Low,Low,dive,,high,scenario=calm_dry
2025-09-11,dauin_muck,0.0,11.31,0.59,0.82,16.0,Low,Low,dive,,high,scenario=calm_dry
2025-09-12,dauin_muck,0.0,9.11,0.58,0.87,16.0,Low,Low,dive,,high,scenario=calm_dry
2025-09-16,dauin_muck,0.0,23.68,1.97,0.77,8.0,Moderate,Moderate,poor_viz,weather,high,scenario=calm_dry
2025-09-17,dauin_muck,0.0,11.9,0.73,0.68,16.0,Low,Low,dive,,high,scenario=calm_dry
2025-09-18,dauin_muck,0.0,10.48,0.71,0.62,16.0,Low,Low,dive,,high,scenario=calm_dry
2025-09-19,dauin_muck,0.0,13.05,0.73,0.58,16.0,Low,Low,dive,,high,scenario=calm_dry
2025-09-20,dauin_muck,0.0,10.07,0.77,0.55,16.0,Low,Low,dive,,high,scenario=calm_dry
2025-09-21,dauin_muck,0.0,11.18,0.7,0.6,16.0,Low,Low,dive,,high,scenario=calm_dry
2025-09-22,dauin_muck,0.0,11.18,0.73,0.59,16.0,Low,Low,dive,,high,scenario=calm_dry
2025-09-23,dauin_muck,0.0,13.01,0.75,0.59,16.0,Low,Low,dive,,high,scenario=calm_dry
2025-10-05,dauin_muck,0.0,25.04,1.7,0.59,8.0,Moderate,Moderate,poor_viz,weather,high,scenario=calm_dry
2025-10-06,dauin_muck,0.0,8.48,0.62,0.61,16.0,Low,Low,dive,,high,scenario=calm_dry
2025-10-07,dauin_muck,0.0,9.1,0.67,0.57,16.0,Low,Low,dive,,high,scenario=calm_dry
2025-10-08,dauin_muck,0.0,7.99,0.71,0.64,16.0,Low,Low,dive,,high,scenario=calm_dry
2025-10-09,dauin_muck,0.0,9.67,0.84,0.69,16.0,Low,Low,dive,,high,scenario=calm_dry
2025-10-10,dauin_muck,0.0,10.69,0.88,0.82,16.0,Low,Low,dive,,high,scenario=calm_dry
2025-10-11,dauin_muck,0.0,10.77,0.71,0.85,16.0,Low,Low,dive,,high,scenario=calm_dry
2025-10-12,dauin_muck,0.0,10.36,0.63,0.91,16.0,Low,Low,dive,,high,scenario=calm_dry
2025-10-13,dauin_muck,0.0,10.66,0.71,0.85,16.0,Low,Low,dive,,high,scenario=calm_dry
2025-10-16,dauin_muck,0.0,27.19,2.36,0.69,3.0,High,High,no_dive,swell,high,scenario=calm_dry
2025-10-17,dauin_muck,0.0,9.8,0.6,0.67,16.0,Low,Low,dive,,high,scenario=calm_dry
2025-10-23,dauin_muck,0.0,12.3,0.84,0.7,16.0,Low,Low,dive,,high,scenario=calm_dry
2025-10-24,dauin_muck,0.0,12.53,0.79,0.75,16.0,Low,Low,dive,,high,scenario=calm_dry
2025-10-25,dauin_muck,0.0,13.52,0.92,0.86,16.0,Low,Low,dive,,high,scenario=calm_dry
2025-10-26,dauin_muck,0.0,13.75,0.72,0.87,16.0,Low,Low,dive,,high,scenario=calm_dry
2025-10-27,dauin_muck,0.0,12.07,0.71,0.86,16.0,Low,Low,dive,,high,scenario=calm_dry
2025-10-28,dauin_muck,0.0,13.44,0.89,0.84,16.0,Low,Low,dive,,high,scenario=calm_dry
2025-11-06,dauin_muck,0.0,16.81,1.15,0.66,16.0,Low,Low,dive,,high,scenario=calm_dry
2025-11-09,dauin_muck,56.38,72.87,5.44,0.81,3.0,High,High,no_dive,swell,high,scenario=calm_dry
2025-11-10,dauin_muck,0.0,11.52,0.56,0.86,3.0,Low,Low,no_dive,weather,high,scenario=calm_dry
2025-11-11,dauin_muck,0.0,12.54,0.91,0.94,16.0,Low,Low,dive,,high,scenario=calm_dry
2025-11-12,dauin_muck,0.0,11.39,0.73,0.9,16.0,Low,Low,dive,,high,scenario=calm_dry
2025-11-13,dauin_muck,0.0,13.08,0.72,0.85,16.0,Low,Low,dive,,high,scenario=calm_dry
2025-11-14,dauin_muck,0.0,9.64,0.8,0.75,16.0,Low,Low,dive,,high,scenario=calm_dry
2025-12-02,dauin_muck,0.0,14.33,0.85,0.55,16.0,Low,Low,dive,,high,scenario=calm_dry
2025-12-03,dauin_muck,0.0,13.79,0.8,0.52,16.0,Low,Low,dive,,high,scenario=calm_dry
2025-12-04,dauin_muck,0.16,13.13,0.79,0.63,16.0,Low,Low,dive,,high,scenario=calm_dry
2025-12-05,dauin_muck,0.25,12.34,0.95,0.64,16.0,Low,Low,dive,,high,scenario=calm_dry
2025-12-06,dauin_muck,0.0,11.76,0.75,0.68,16.0,Low,Low,dive,,high,scenario=calm_dry
2025-12-07,dauin_muck,0.0,11.52,0.78,0.71,16.0,Low,Low,dive,,high,scenario=calm_dry
2025-12-08,dauin_muck,0.0,9.48,0.78,0.8,16.0,Low,Low,dive,,high,scenario=calm_dry
2025-12-09,dauin_muck,0.0,10.84,0.68,0.84,16.0,Low,Low,dive,,high,scenario=calm_dry
2025-12-10,dauin_muck,0.0,9.9,0.6,0.94,16.0,Low,Low,dive,,high,scenario=calm_dry
2025-12-11,dauin_muck,0.0,11.54,0.79,0.95,16.0,Low,Low,dive,,high,scenario=calm_dry
2025-12-12,dauin_muck,0.0,12.4,0.94,0.89,16.0,Low,Low,dive,,high,scenario=calm_dry
2025-12-13,dauin_muck,0.0,11.43,0.67,0.76,16.0,Low,Low,dive,,high,scenario=calm_dry
2025-12-14,dauin_muck,0.0,12.35,0.64,0.71,16.0,Low,Low,dive,,high,scenario=calm_dry
2025-12-15,dauin_muck,0.0,12.79,0.83,0.63,16.0,Low,Low,dive,,high,scenario=calm_dry
2025-12-16,dauin_muck,0.0,12.45,0.86,0.59,16.0,Low,Low,dive,,high,scenario=calm_dry
2025-12-17,dauin_muck,0.0,12.72,0.83,0.6,16.0,Low,Low,dive,,high,scenario=calm_dry
2025-12-18,dauin_muck,0.0,13.04,0.81,0.53,16.0,Low,Low,dive,,high,scenario=calm_dry
2025-12-19,dauin_muck,0.0,13.04,0.81,0.54,16.0,Low,Low,dive,,high,scenario=calm_dry
2025-12-20,dauin_muck,1.11,7.36,0.6,0.59,16.0,Low,Low,dive,,high,scenario=calm_dry
2025-12-21,dauin_muck,1.87,9.77,0.69,0.65,16.0,Low,Low,dive,,high,scenario=calm_dry
2025-12-22,dauin_muck,0.16,11.35,0.78,0.76,16.0,Low,Low,dive,,high,scenario=calm_dry
2025-12-23,dauin_muck,0.0,12.41,0.85,0.82,16.0,Low,Low,dive,,high,scenario=calm_dry
2025-12-26,dauin_muck,37.97,26.17,2.01,0.88,3.0,High,High,no_dive,swell,high,scenario=calm_dry
2025-12-27,dauin_muck,0.0,14.3,0.87,0.75,8.0,Low,Low,poor_viz,,high,scenario=calm_dry
2025-12-28,dauin_muck,0.0,13.96,0.88,0.74,16.0,Low,Low,dive,,high,scenario=calm_dry
2025-12-29,dauin_muck,0.0,11.34,0.71,0.69,16.0,Low,Low,dive,,high,scenario=calm_dry
2025-12-30,dauin_muck,0.0,13.63,0.77,0.65,16.0,Low,Low,dive,,high,scenario=calm_dry
2025-12-31,dauin_muck,0.0,13.39,0.71,0.61,16.0,Low,Low,dive,,high,scenario=calm_dry
2026-01-01,dauin_muck,0.0,11.77,0.7,0.58,16.0,Low,Low,dive,,high,scenario=calm_dry
2026-01-05,dauin_muck,0.0,25.45,2.02,0.7,3.0,High,High,no_dive,swell,high,scenario=calm_dry
2026-01-06,dauin_muck,0.0,11.0,0.84,0.8,16.0,Low,Low,dive,,high,scenario=calm_dry
2026-01-07,dauin_muck,0.0,12.1,0.74,0.9,16.0,Low,Low,dive,,high,scenario=calm_dry
2026-01-08,dauin_muck,0.0,13.14,0.82,0.87,16.0,Low,Low,dive,,high,scenario=calm_dry
2026-01-09,dauin_muck,0.0,9.96,0.59,0.86,16.0,Low,Low,dive,,high,scenario=calm_dry
2026-01-16,dauin_muck,0.0,32.42,2.15,0.58,3.0,High,High,no_dive,swell,high,scenario=calm_dry
2026-01-17,dauin_muck,0.0,15.17,0.91,0.5,16.0,Low,Low,dive,,high,scenario=calm_dry
2026-01-18,dauin_muck,0.0,12.07,0.75,0.59,16.0,Low,Low,dive,,high,scenario=calm_dry
2026-01-19,dauin_muck,0.16,12.22,0.71,0.62,16.0,Low,Low,dive,,high,scenario=calm_dry
2026-01-20,dauin_muck,0.23,13.56,0.64,0.73,16.0,Low,Low,dive,,high,scenario=calm_dry
2026-01-21,dauin_muck,0.0,10.92,0.63,0.86,16.0,Low,Low,dive,,high,scenario=calm_dry
2026-01-22,dauin_muck,0.0,9.62,0.78,0.83,16.0,Low,Low,dive,,high,scenario=calm_dry
2026-01-23,dauin_muck,0.0,10.72,0.73,0.89,16.0,Low,Low,dive,,high,scenario=calm_dry
2026-01-24,dauin_muck,0.0,11.81,0.84,0.88,16.0,Low,Low,dive,,high,scenario=calm_dry
2026-01-25,dauin_muck,0.0,11.83,0.85,0.84,16.0,Low,Low,dive,,high,scenario=calm_dry
2026-01-26,dauin_muck,0.0,12.79,0.84,0.88,16.0,Low,Low,dive,,high,scenario=calm_dry
2026-01-30,dauin_muck,28.3,26.95,1.98,0.57,3.0,Moderate,Moderate,no_dive,weather,high,scenario=calm_dry
2026-01-31,dauin_muck,0.0,15.96,0.85,0.52,8.0,Low,Low,poor_viz,,high,scenario=calm_dry
2026-02-01,dauin_muck,0.0,8.6,0.52,0.53,16.0,Low,Low,dive,,high,scenario=calm_dry
2026-02-02,dauin_muck,0.0,9.93,0.61,0.66,16.0,Low,Low,dive,,high,scenario=calm_dry
2026-02-03,dauin_muck,0.0,10.25,0.65,0.73,16.0,Low,Low,dive,,high,scenario=calm_dry
2026-02-14,dauin_muck,33.24,85.57,4.48,0.57,3.0,High,High,no_dive,swell,high,scenario=calm_dry
2026-02-15,dauin_muck,0.0,10.3,0.6,0.58,8.0,Low,Low,poor_viz,,high,scenario=calm_dry
2026-02-16,dauin_muck,0.0,14.1,0.71,0.59,16.0,Low,Low,dive,,high,scenario=calm_dry
2026-02-17,dauin_muck,0.0,14.59,0.73,0.64,16.0,Low,Low,dive,,high,scenario=calm_dry
2026-02-18,dauin_muck,0.0,12.53,0.79,0.66,16.0,Low,Low,dive,,high,scenario=calm_dry
2026-02-19,dauin_muck,0.0,11.64,0.73,0.74,16.0,Low,Low,dive,,high,scenario=calm_dry
2026-02-20,dauin_muck,0.0,13.21,0.72,0.84,16.0,Low,Low,dive,,high,scenario=calm_dry
2026-02-21,dauin_muck,0.0,11.12,0.67,0.95,16.0,Low,Low,dive,,high,scenario=calm_dry
2026-02-23,dauin_muck,17.07,30.98,2.16,0.89,3.0,High,High,no_dive,swell,high,scenario=calm_dry
2026-02-24,dauin_muck,0.0,9.66,0.72,0.87,16.0,Low,Low,dive,,high,scenario=calm_dry
2026-02-25,dauin_muck,0.0,9.8,0.72,0.8,16.0,Low,Low,dive,,high,scenario=calm_dry
2026-03-05,dauin_muck,0.8,30.56,2.01,0.75,3.0,High,High,no_dive,swell,high,scenario=calm_dry
2026-03-06,dauin_muck,1.22,12.77,0.83,0.77,16.0,Low,Low,dive,,high,scenario=calm_dry
2026-03-16,dauin_muck,20.5,28.91,2.26,0.63,3.0,High,High,no_dive,swell,high,scenario=calm_dry
2026-03-17,dauin_muck,0.0,11.42,0.66,0.59,8.0,Low,Low,poor_viz,,high,scenario=calm_dry
2026-03-18,dauin_muck,0.0,11.42,0.72,0.6,16.0,Low,Low,dive,,high,scenario=calm_dry
2026-03-19,dauin_muck,0.0,10.62,0.73,0.64,16.0,Low,Low,dive,,high,scenario=calm_dry
2026-03-20,dauin_muck,0.0,11.29,0.69,0.74,16.0,Low,Low,dive,,high,scenario=calm_dry
2026-03-25,dauin_muck,51.3,75.75,3.78,0.87,3.0,High,High,no_dive,swell,high,scenario=calm_dry
2026-03-26,dauin_muck,0.0,12.14,0.72,0.84,3.0,Low,Low,no_dive,weather,high,scenario=calm_dry
2026-03-27,dauin_muck,0.0,8.52,0.52,0.85,16.0,Low,Low,dive,,high,scenario=calm_dry
2026-03-28,dauin_muck,0.0,13.23,0.95,0.73,16.0,Low,Low,dive,,high,scenario=calm_dry
2026-04-14,dauin_muck,0.0,16.09,0.87,0.59,16.0,Low,Low,dive,,high,scenario=calm_dry
2026-04-15,dauin_muck,0.0,11.38,0.65,0.54,16.0,Low,Low,dive,,high,scenario=calm_dry
2026-04-17,dauin_muck,0.0,11.86,0.75,0.64,16.0,Low,Low,dive,,high,scenario=calm_dry
2026-04-18,dauin_muck,0.0,13.26,0.73,0.78,16.0,Low,Low,dive,,high,scenario=calm_dry
2022-04-20,apo_reef,0.0,10.77,0.8,1.08,8.0,Moderate,Moderate,poor_viz,current,high,scenario=calm_dry
2022-04-21,apo_reef,0.0,11.56,0.83,1.07,8.0,Moderate,Moderate,poor_viz,current,high,scenario=calm_dry
2022-04-22,apo_reef,0.0,12.05,0.73,1.01,8.0,Moderate,Moderate,poor_viz,current,high,scenario=calm_dry
2022-04-27,apo_reef,0.0,33.07,2.13,0.63,3.0,High,High,no_dive,swell,high,scenario=calm_dry
2022-04-28,apo_reef,0.0,12.72,0.74,0.65,16.0,Low,Low,dive,,high,scenario=calm_dry
2022-04-29,apo_reef,0.0,14.05,0.82,0.66,16.0,Low,Low,dive,,high,scenario=calm_dry
2022-04-30,apo_reef,0.0,14.05,0.85,0.71,16.0,Low,Low,dive,,high,scenario=calm_dry
2022-05-12,apo_reef,0.0,13.04,0.7,0.66,16.0,Low,Low,dive,,high,scenario=calm_dry
2022-05-13,apo_reef,0.0,9.79,0.69,0.65,16.0,Low,Low,dive,,high,scenario=calm_dry
2022-05-14,apo_reef,0.0,11.81,0.75,0.7,16.0,Low,Low,dive,,high,scenario=calm_dry
2022-05-15,apo_reef,0.0,12.96,0.72,0.7,16.0,Low,Low,dive,,high,scenario=calm_dry
2022-05-16,apo_reef,0.0,9.53,0.7,0.8,16.0,Low,Low,dive,,high,scenario=calm_dry
2022-05-22,apo_reef,38.04,31.21,2.24,1.06,3.0,High,High,no_dive,swell,high,scenario=calm_dry
2022-05-23,apo_reef,0.0,11.62,0.65,0.97,8.0,Low,Low,poor_viz,,high,scenario=calm_dry
2022-05-24,apo_reef,0.0,9.81,0.54,0.84,16.0,Low,Low,dive,,high,scenario=calm_dry
2022-05-25,apo_reef,0.0,8.71,0.66,0.81,16.0,Low,Low,dive,,high,scenario=calm_dry
2022-05-30,apo_reef,0.0,17.02,1.23,0.67,8.0,Moderate,Moderate,poor_viz,swell,high,scenario=calm_dry
2022-05-31,apo_reef,0.0,12.6,0.66,0.8,16.0,Low,Low,dive,,high,scenario=calm_dry
2022-06-01,apo_reef,0.0,12.37,0.64,0.94,16.0,Low,Low,dive,,high,scenario=calm_dry
2022-06-02,apo_reef,0.0,9.41,0.52,1.04,8.0,Moderate,Moderate,poor_viz,current,high,scenario=calm_dry
2022-06-03,apo_reef,0.0,12.49,0.69,1.08,8.0,Moderate,Moderate,poor_viz,current,high,scenario=calm_dry
2022-06-04,apo_reef,0.0,11.44,0.74,1.11,8.0,Moderate,Moderate,poor_viz,current,high,scenario=calm_dry
2022-06-07,apo_reef,0.0,30.49,2.06,0.88,3.0,High,High,no_dive,swell,high,scenario=calm_dry
2022-06-08,apo_reef,0.0,13.28,0.76,0.92,16.0,Low,Low,dive,,high,scenario=calm_dry
2022-06-09,apo_reef,0.0,12.24,0.76,0.83,16.0,Low,Low,dive,,high,scenario=calm_dry
2022-06-10,apo_reef,0.0,11.01,0.65,0.79,16.0,Low,Low,dive,,high,scenario=calm_dry
2022-06-11,apo_reef,0.0,9.51,0.63,0.66,16.0,Low,Low,dive,,high,scenario=calm_dry
2022-06-12,apo_reef,0.0,9.46,0.57,0.7,16.0,Low,Low,dive,,high,scenario=calm_dry
2022-06-13,apo_reef,0.0,13.03,0.7,0.65,16.0,Low,Low,dive,,high,scenario=calm_dry
2022-06-25,apo_reef,2.96,15.77,0.9,0.74,16.0,Low,Low,dive,,high,scenario=calm_dry
2022-06-29,apo_reef,0.0,16.73,1.05,0.81,16.0,Low,Low,dive,,high,scenario=calm_dry
2022-07-16,apo_reef,0.0,13.36,1.02,1.04,8.0,Moderate,Moderate,poor_viz,current,high,scenario=calm_dry
2022-07-30,apo_reef,3.84,34.78,2.23,0.92,3.0,High,High,no_dive,swell,high,scenario=calm_dry
2022-07-31,apo_reef,0.0,13.53,0.83,0.95,16.0,Low,Low,dive,,high,scenario=calm_dry
2022-08-01,apo_reef,0.0,9.13,0.47,0.98,16.0,Low,Low,dive,,high,scenario=calm_dry
2022-08-02,apo_reef,0.0,8.75,0.52,1.03,8.0,Moderate,Moderate,poor_viz,current,high,scenario=calm_dry
2022-08-03,apo_reef,0.0,10.21,0.71,1.08,8.0,Moderate,Moderate,poor_viz,current,high,scenario=calm_dry
2022-08-04,apo_reef,0.0,11.28,0.65,1.11,8.0,Moderate,Moderate,poor_viz,current,high,scenario=calm_dry
2022-08-05,apo_reef,0.0,11.8,0.66,1.02,8.0,Moderate,Moderate,poor_viz,current,high,scenario=calm_dry
2022-08-06,apo_reef,1.13,9.11,0.75,0.92,16.0,Low,Low,dive,,high,scenario=calm_dry
2022-08-07,apo_reef,2.04,12.45,0.81,0.79,16.0,Low,Low,dive,,high,scenario=calm_dry
2022-08-08,apo_reef,0.0,11.51,0.76,0.7,16.0,Low,Low,dive,,high,scenario=calm_dry
2022-08-09,apo_reef,0.0,12.18,0.71,0.69,16.0,Low,Low,dive,,high,scenario=calm_dry
2022-08-10,apo_reef,0.0,10.95,0.84,0.64,16.0,Low,Low,dive,,high,scenario=calm_dry
2022-08-11,apo_reef,0.0,11.94,0.82,0.72,16.0,Low,Low,dive,,high,scenario=calm_dry
2022-08-12,apo_reef,0.0,11.83,0.74,0.8,16.0,Low,Low,dive,,high,scenario=calm_dry
2022-08-13,apo_reef,0.0,10.87,0.74,0.84,16.0,Low,Low,dive,,high,scenario=calm_dry
2022-08-14,apo_reef,0.0,12.5,0.6,0.86,16.0,Low,Low,dive,,high,scenario=calm_dry
2022-08-15,apo_reef,0.0,13.43,0.66,0.93,16.0,Low,Low,dive,,high,scenario=calm_dry
2022-08-16,apo_reef,0.0,12.93,0.66,1.07,8.0,Moderate,Moderate,poor_viz,current,high,scenario=calm_dry
2022-08-17,apo_reef,0.0,13.07,0.68,1.1,8.0,Moderate,Moderate,poor_viz,current,high,scenario=calm_dry
2022-08-18,apo_reef,0.0,14.49,0.72,1.1,8.0,Moderate,Moderate,poor_viz,current,high,scenario=calm_dry
2022-08-23,apo_reef,0.39,13.82,0.87,0.72,16.0,Low,Low,dive,,high,scenario=calm_dry
2022-08-24,apo_reef,0.61,12.13,0.59,0.62,16.0,Low,Low,dive,,high,scenario=calm_dry
2022-08-25,apo_reef,0.0,8.36,0.53,0.68,16.0,Low,Low,dive,,high,scenario=calm_dry
2022-08-26,apo_reef,0.0,12.42,0.79,0.73,16.0,Low,Low,dive,,high,scenario=calm_dry
2022-08-27,apo_reef,0.0,13.28,0.79,0.78,16.0,Low,Low,dive,,high,scenario=calm_dry
2022-08-28,apo_reef,0.0,10.2,0.78,0.81,16.0,Low,Low,dive,,high,scenario=calm_dry
2022-08-29,apo_reef,0.0,12.1,0.83,0.9,16.0,Low,Low,dive,,high,scenario=calm_dry
2022-08-30,apo_reef,0.0,12.49,0.8,0.95,16.0,Low,Low,dive,,high,scenario=calm_dry
2022-08-31,apo_reef,0.0,12.58,0.96,1.04,8.0,Moderate,Moderate,poor_viz,current,high,scenario=calm_dry
2022-09-01,apo_reef,0.0,8.96,0.46,1.12,8.0,Moderate,Moderate,poor_viz,current,high,scenario=calm_dry
2022-09-02,apo_reef,0.0,10.41,0.76,1.13,8.0,Moderate,Moderate,poor_viz,current,high,scenario=calm_dry
2022-09-03,apo_reef,0.0,12.76,0.72,1.0,8.0,Moderate,Moderate,poor_viz,current,high,scenario=calm_dry
2022-09-04,apo_reef,0.0,8.66,0.63,0.93,16.0,Low,Low,dive,,high,scenario=calm_dry
2022-09-05,apo_reef,0.0,9.02,0.7,0.84,16.0,Low,Low,dive,,high,scenario=calm_dry
2022-09-20,apo_reef,29.39,29.1,1.98,0.86,3.0,Moderate,Moderate,no_dive,weather,high,scenario=calm_dry
2022-09-21,apo_reef,0.0,12.18,0.88,0.78,8.0,Low,Low,poor_viz,,high,scenario=calm_dry
2022-09-22,apo_reef,0.0,14.23,0.87,0.64,16.0,Low,Low,dive,,high,scenario=calm_dry
2022-09-23,apo_reef,0.0,10.85,0.68,0.64,16.0,Low,Low,dive,,high,scenario=calm_dry
2022-09-24,apo_reef,0.0,9.3,0.62,0.64,16.0,Low,Low,dive,,high,scenario=calm_dry
2022-09-25,apo_reef,0.0,10.18,0.74,0.63,16.0,Low,Low,dive,,high,scenario=calm_dry
2022-09-26,apo_reef,0.0,10.85,0.79,0.8,16.0,Low,Low,dive,,high,scenario=calm_dry
2022-09-27,apo_reef,0.0,12.08,0.63,0.84,16.0,Low,Low,dive,,high,scenario=calm_dry
2022-09-28,apo_reef,0.0,9.87,0.7,0.92,16.0,Low,Low,dive,,high,scenario=calm_dry
2022-09-29,apo_reef,0.0,9.87,0.7,0.99,16.0,Low,Low,dive,,high,scenario=calm_dry
2022-10-12,apo_reef,0.0,12.58,0.8,0.85,16.0,Low,Low,dive,,high,scenario=calm_dry
2022-10-13,apo_reef,0.0,13.77,0.8,0.93,16.0,Low,Low,dive,,high,scenario=calm_dry
2022-10-26,apo_reef,0.0,25.42,1.59,0.75,8.0,Moderate,Moderate,poor_viz,weather,high,scenario=calm_dry
2022-10-27,apo_reef,0.0,11.81,0.73,0.88,16.0,Low,Low,dive,,high,scenario=calm_dry
2022-10-28,apo_reef,0.0,14.09,0.79,0.95,16.0,Low,Low,dive,,high,scenario=calm_dry
2022-10-29,apo_reef,0.0,15.08,0.8,1.03,8.0,Moderate,Moderate,poor_viz,current,high,scenario=calm_dry
2022-10-30,apo_reef,0.0,10.73,0.65,1.05,8.0,Moderate,Moderate,poor_viz,current,high,scenario=calm_dry
2022-10-31,apo_reef,0.0,13.1,0.82,1.07,8.0,Moderate,Moderate,poor_viz,current,high,scenario=calm_dry
2022-11-01,apo_reef,0.0,13.1,0.8,1.01,8.0,Moderate,Moderate,poor_viz,current,high,scenario=calm_dry
2022-11-02,apo_reef,0.0,9.76,0.67,0.89,16.0,Low,Low,dive,,high,scenario=calm_dry
2022-11-09,apo_reef,0.0,22.34,1.64,0.73,8.0,Moderate,Moderate,poor_viz,weather,high,scenario=calm_dry
2022-11-10,apo_reef,0.0,14.08,0.8,0.78,16.0,Low,Low,dive,,high,scenario=calm_dry
2022-11-11,apo_reef,0.0,14.08,0.78,0.86,16.0,Low,Low,dive,,high,scenario=calm_dry
2022-11-12,apo_reef,0.0,10.8,0.74,0.95,16.0,Low,Low,dive,,high,scenario=calm_dry
2022-11-13,apo_reef,0.0,9.53,0.66,1.13,8.0,Moderate,Moderate,poor_viz,current,high,scenario=calm_dry
2022-11-14,apo_reef,0.0,8.4,0.65,1.07,8.0,Moderate,Moderate,poor_viz,current,high,scenario=calm_dry
2022-11-30,apo_reef,74.24,65.59,5.13,1.04,3.0,High,High,no_dive,swell,high,scenario=calm_dry
2022-12-01,apo_reef,0.0,12.38,0.68,0.91,3.0,Low,Low,no_dive,weather,high,scenario=calm_dry
2022-12-02,apo_reef,0.0,11.88,0.71,0.82,16.0,Low,Low,dive,,high,scenario=calm_dry
2022-12-03,apo_reef,0.0,15.52,0.85,0.83,16.0,Low,Low,dive,,high,scenario=calm_dry
2022-12-04,apo_reef,0.0,10.62,0.67,0.71,16.0,Low,Low,dive,,high,scenario=calm_dry
2022-12-05,apo_reef,0.0,10.02,0.64,0.69,16.0,Low,Low,dive,,high,scenario=calm_dry
2022-12-06,apo_reef,0.0,14.45,0.75,0.59,16.0,Low,Low,dive,,high,scenario=calm_dry
2022-12-07,apo_reef,0.0,15.35,0.83,0.6,16.0,Low,Low,dive,,high,scenario=calm_dry
2022-12-18,apo_reef,0.0,28.12,1.94,0.71,8.0,Moderate,Moderate,poor_viz,weather,high,scenario=calm_dry
2022-12-19,apo_reef,0.0,12.87,0.73,0.65,16.0,Low,Low,dive,,high,scenario=calm_dry
2022-12-20,apo_reef,0.0,13.85,0.74,0.65,16.0,Low,Low,dive,,high,scenario=calm_dry
2022-12-21,apo_reef,0.0,10.1,0.62,0.64,16.0,Low,Low,dive,,high,scenario=calm_dry
2022-12-22,apo_reef,0.0,9.13,0.61,0.6,16.0,Low,Low,dive,,high,scenario=calm_dry
2022-12-23,apo_reef,0.09,7.42,0.62,0.7,16.0,Low,Low,dive,,high,scenario=calm_dry
2022-12-24,apo_reef,0.18,13.57,0.7,0.79,16.0,Low,Low,dive,,high,scenario=calm_dry
2023-01-04,apo_reef,26.51,26.84,1.8,0.59,3.0,Moderate,Moderate,no_dive,weather,high,scenario=calm_dry
2023-01-05,apo_reef,0.0,11.44,0.61,0.59,8.0,Low,Low,poor_viz,,high,scenario=calm_dry
2023-01-14,apo_reef,1.0,27.77,1.91,0.98,8.0,Moderate,Moderate,poor_viz,weather,high,scenario=calm_dry
2023-01-17,apo_reef,0.0,14.04,0.96,0.67,16.0,Low,Low,dive,,high,scenario=calm_dry
2023-01-23,apo_reef,43.42,69.48,3.87,0.8,3.0,High,High,no_dive,swell,high,scenario=calm_dry
2023-02-07,apo_reef,0.0,15.91,1.1,0.81,16.0,Low,Low,dive,,high,scenario=calm_dry
2023-03-02,apo_reef,33.17,24.01,1.97,0.76,3.0,Moderate,Moderate,no_dive,weather,high,scenario=calm_dry
2023-03-03,apo_reef,0.0,11.83,0.74,0.72,8.0,Low,Low,poor_viz,,high,scenario=calm_dry
2023-03-07,apo_reef,9.9,33.21,2.02,0.74,3.0,High,High,no_dive,swell,high,scenario=calm_dry
2023-03-08,apo_reef,0.0,10.48,0.7,0.82,16.0,Low,Low,dive,,high,scenario=calm_dry
2023-03-09,apo_reef,0.0,13.4,0.6,0.94,16.0,Low,Low,dive,,high,scenario=calm_dry
2023-03-10,apo_reef,0.0,8.08,0.58,1.0,16.0,Low,Low,dive,,high,scenario=calm_dry
2023-03-11,apo_reef,0.0,11.81,0.79,1.01,8.0,Moderate,Moderate,poor_viz,current,high,scenario=calm_dry
2023-03-12,apo_reef,0.0,11.92,0.79,1.04,8.0,Moderate,Moderate,poor_viz,current,high,scenario=calm_dry
2023-03-13,apo_reef,0.0,12.18,0.79,1.0,16.0,Low,Low,dive,,high,scenario=calm_dry
2023-03-31,apo_reef,35.49,76.98,4.34,0.81,3.0,High,High,no_dive,swell,high,scenario=calm_dry
2023-04-01,apo_reef,0.0,9.6,0.61,0.74,8.0,Low,Low,poor_viz,,high,scenario=calm_dry
2023-04-02,apo_reef,0.0,10.87,0.64,0.61,16.0,Low,Low,dive,,high,scenario=calm_dry
2023-04-06,apo_reef,0.0,14.93,1.06,0.81,16.0,Low,Low,dive,,high,scenario=calm_dry
2023-04-15,apo_reef,59.6,80.65,4.32,0.79,3.0,High,High,no_dive,swell,high,scenario=calm_dry
2023-04-16,apo_reef,0.0,9.85,0.56,0.7,3.0,Low,Low,no_dive,weather,high,scenario=calm_dry
2023-04-17,apo_reef,0.0,9.95,0.62,0.67,16.0,Low,Low,dive,,high,scenario=calm_dry
2023-04-18,apo_reef,0.0,11.45,0.67,0.66,16.0,Low,Low,dive,,high,scenario=calm_dry
2023-04-19,apo_reef,0.0,12.89,0.86,0.66,16.0,Low,Low,dive,,high,scenario=calm_dry
2023-04-20,apo_reef,0.0,14.47,0.91,0.73,16.0,Low,Low,dive,,high,scenario=calm_dry
2023-04-21,apo_reef,0.0,10.18,0.68,0.83,16.0,Low,Low,dive,,high,scenario=calm_dry
2023-04-22,apo_reef,0.0,10.96,0.67,0.83,16.0,Low,Low,dive,,high,scenario=calm_dry
2023-04-23,apo_reef,0.0,9.48,0.77,0.95,16.0,Low,Low,dive,,high,scenario=calm_dry
2023-04-26,apo_reef,0.0,14.53,0.81,1.04,8.0,Moderate,Moderate,poor_viz,current,high,scenario=calm_dry
2023-04-27,apo_reef,0.0,14.29,0.78,1.04,8.0,Moderate,Moderate,poor_viz,current,high,scenario=calm_dry
2023-04-28,apo_reef,0.0,12.35,0.78,0.97,16.0,Low,Low,dive,,high,scenario=calm_dry
2023-04-29,apo_reef,0.0,8.9,0.79,0.85,16.0,Low,Low,dive,,high,scenario=calm_dry
2023-05-02,apo_reef,40.01,72.97,5.88,0.66,3.0,High,High,no_dive,swell,high,scenario=calm_dry
2023-05-12,apo_reef,89.61,73.49,6.18,1.02,3.0,High,High,no_dive,swell,high,scenario=calm_dry
2023-05-13,apo_reef,0.0,13.57,0.68,0.9,3.0,Low,Low,no_dive,weather,high,scenario=calm_dry
2023-05-21,apo_reef,0.0,13.18,1.01,0.86,16.0,Low,Low,dive,,high,scenario=calm_dry
2023-05-22,apo_reef,0.0,13.67,0.7,0.98,16.0,Low,Low,dive,,high,scenario=calm_dry
2023-05-23,apo_reef,0.0,11.83,0.82,1.01,8.0,Moderate,Moderate,poor_viz,current,high,scenario=calm_dry
2023-05-24,apo_reef,0.0,12.73,0.8,1.14,8.0,Moderate,Moderate,poor_viz,current,high,scenario=calm_dry
2023-05-25,apo_reef,0.0,12.18,0.73,1.11,8.0,Moderate,Moderate,poor_viz,current,high,scenario=calm_dry
2023-05-26,apo_reef,0.0,13.53,0.81,1.03,8.0,Moderate,Moderate,poor_viz,current,high,scenario=calm_dry
2023-05-27,apo_reef,0.0,9.69,0.66,1.01,8.0,Moderate,Moderate,poor_viz,current,high,scenario=calm_dry
2023-05-28,apo_reef,0.0,10.24,0.73,0.99,16.0,Low,Low,dive,,high,scenario=calm_dry
2023-05-29,apo_reef,0.0,11.75,0.78,0.9,16.0,Low,Low,dive,,high,scenario=calm_dry
2023-05-30,apo_reef,0.0,14.77,0.9,0.78,16.0,Low,Low,dive,,high,scenario=calm_dry
2023-05-31,apo_reef,0.0,8.37,0.69,0.72,16.0,Low,Low,dive,,high,scenario=calm_dry
2023-06-01,apo_reef,0.0,12.86,0.82,0.66,16.0,Low,Low,dive,,high,scenario=calm_dry
2023-06-02,apo_reef,0.0,15.77,0.86,0.63,16.0,Low,Low,dive,,high,scenario=calm_dry
2023-06-03,apo_reef,0.0,15.24,0.9,0.69,16.0,Low,Low,dive,,high,scenario=calm_dry
2023-06-04,apo_reef,0.0,14.48,0.86,0.81,16.0,Low,Low,dive,,high,scenario=calm_dry
2023-06-07,apo_reef,0.0,30.2,2.08,1.08,3.0,High,High,no_dive,swell,high,scenario=calm_dry
2023-06-08,apo_reef,0.0,12.24,0.61,1.04,8.0,Moderate,Moderate,poor_viz,current,high,scenario=calm_dry
2023-06-11,apo_reef,0.0,25.1,2.15,0.97,3.0,High,High,no_dive,swell,high,scenario=calm_dry
2023-06-30,apo_reef,0.0,17.18,0.91,0.61,16.0,Low,Low,dive,,high,scenario=calm_dry
2023-07-01,apo_reef,0.0,10.72,0.71,0.6,16.0,Low,Low,dive,,high,scenario=calm_dry
2023-08-02,apo_reef,0.0,16.47,1.13,0.76,16.0,Low,Low,dive,,high,scenario=calm_dry
2023-08-03,apo_reef,0.0,9.29,0.77,0.83,16.0,Low,Low,dive,,high,scenario=calm_dry
2023-08-04,apo_reef,0.0,9.29,0.77,0.89,16.0,Low,Low,dive,,high,scenario=calm_dry
2023-08-05,apo_reef,0.0,13.4,0.73,1.03,8.0,Moderate,Moderate,poor_viz,current,high,scenario=calm_dry
2023-08-06,apo_reef,0.0,13.34,0.72,1.05,8.0,Moderate,Moderate,poor_viz,current,high,scenario=calm_dry
2023-08-07,apo_reef,0.0,12.86,0.87,1.08,8.0,Moderate,Moderate,poor_viz,current,high,scenario=calm_dry
2023-08-09,apo_reef,0.0,15.59,0.96,1.0,8.0,Moderate,Moderate,poor_viz,current,high,scenario=calm_dry
2023-08-10,apo_reef,0.0,13.15,0.88,0.88,16.0,Low,Low,dive,,high,scenario=calm_dry
2023-08-11,apo_reef,0.0,12.61,0.92,0.79,16.0,Low,Low,dive,,high,scenario=calm_dry
2023-08-16,apo_reef,0.0,28.18,1.94,0.68,8.0,Moderate,Moderate,poor_viz,weather,high,scenario=calm_dry
2023-08-17,apo_reef,0.0,9.57,0.73,0.76,16.0,Low,Low,dive,,high,scenario=calm_dry
2023-08-22,apo_reef,5.0,11.88,0.78,1.04,8.0,Moderate,Moderate,poor_viz,current,high,scenario=calm_dry
2023-08-23,apo_reef,1.21,11.16,0.74,0.99,16.0,Low,Low,dive,,high,scenario=calm_dry
2023-09-08,apo_reef,13.7,30.85,2.09,0.99,3.0,High,High,no_dive,swell,high,scenario=calm_dry
2023-09-12,apo_reef,0.26,11.27,0.92,0.62,16.0,Low,Low,dive,,high,scenario=calm_dry
2023-09-13,apo_reef,0.45,11.22,0.72,0.58,16.0,Low,Low,dive,,high,scenario=calm_dry
2023-10-03,apo_reef,0.0,36.91,2.24,0.94,3.0,High,High,no_dive,swell,high,scenario=calm_dry
2023-10-04,apo_reef,0.0,9.39,0.67,1.06,8.0,Moderate,Moderate,poor_viz,current,high,scenario=calm_dry
2023-10-05,apo_reef,0.0,13.26,0.78,1.08,8.0,Moderate,Moderate,poor_viz,current,high,scenario=calm_dry
2023-10-06,apo_reef,0.0,11.28,0.83,1.08,8.0,Moderate,Moderate,poor_viz,current,high,scenario=calm_dry
2023-10-07,apo_reef,0.0,14.19,0.89,1.0,8.0,Moderate,Moderate,poor_viz,current,high,scenario=calm_dry
2023-10-08,apo_reef,0.0,13.86,0.77,0.88,16.0,Low,Low,dive,,high,scenario=calm_dry
2023-10-21,apo_reef,65.39,68.73,3.73,1.06,3.0,High,High,no_dive,swell,high,scenario=calm_dry
2023-10-22,apo_reef,0.0,9.12,0.63,0.98,3.0,Low,Low,no_dive,weather,high,scenario=calm_dry
2023-10-23,apo_reef,0.0,9.14,0.68,0.86,16.0,Low,Low,dive,,high,scenario=calm_dry
2023-11-02,apo_reef,6.45,35.4,2.26,1.03,3.0,High,High,no_dive,swell,high,scenario=calm_dry
2023-11-03,apo_reef,0.0,11.46,0.81,1.06,8.0,Moderate,Moderate,poor_viz,current,high,scenario=calm_dry
2023-11-06,apo_reef,4.96,15.11,1.11,0.91,16.0,Low,Low,dive,,high,scenario=calm_dry
2023-11-07,apo_reef,0.0,12.94,0.85,0.83,16.0,Low,Low,dive,,high,scenario=calm_dry
2023-11-08,apo_reef,0.0,7.5,0.58,0.73,16.0,Low,Low,dive,,high,scenario=calm_dry
2023-11-09,apo_reef,0.0,12.29,0.69,0.68,16.0,Low,Low,dive,,high,scenario=calm_dry
2023-11-10,apo_reef,0.0,13.06,0.91,0.66,16.0,Low,Low,dive,,high,scenario=calm_dry
2023-11-11,apo_reef,0.0,13.06,0.91,0.68,16.0,Low,Low,dive,,high,scenario=calm_dry
2023-11-12,apo_reef,0.0,9.72,0.73,0.67,16.0,Low,Low,dive,,high,scenario=calm_dry
2023-11-13,apo_reef,0.0,10.76,0.73,0.73,16.0,Low,Low,dive,,high,scenario=calm_dry
2023-11-14,apo_reef,0.0,14.12,0.72,0.71,16.0,Low,Low,dive,,high,scenario=calm_dry
2023-11-15,apo_reef,0.0,15.05,0.72,0.88,16.0,Low,Low,dive,,high,scenario=calm_dry
2023-11-16,apo_reef,0.0,11.36,0.85,1.0,8.0,Moderate,Moderate,poor_viz,current,high,scenario=calm_dry
2023-11-17,apo_reef,0.0,10.28,0.74,1.04,8.0,Moderate,Moderate,poor_viz,current,high,scenario=calm_dry
2023-11-18,apo_reef,0.0,12.43,0.81,1.12,8.0,Moderate,Moderate,poor_viz,current,high,scenario=calm_dry
2023-11-19,apo_reef,0.0,10.66,0.83,1.04,8.0,Moderate,Moderate,poor_viz,current,high,scenario=calm_dry
2023-11-20,apo_reef,0.0,10.25,0.7,0.96,16.0,Low,Low,dive,,high,scenario=calm_dry
2023-11-24,apo_reef,0.0,33.34,2.03,0.7,3.0,High,High,no_dive,swell,high,scenario=calm_dry
2023-11-29,apo_reef,3.67,22.97,2.02,0.8,3.0,High,High,no_dive,swell,high,scenario=calm_dry
2023-11-30,apo_reef,0.0,12.0,0.63,0.84,16.0,Low,Low,dive,,high,scenario=calm_dry
2023-12-01,apo_reef,0.0,15.37,0.72,0.99,16.0,Low,Low,dive,,high,scenario=calm_dry
2023-12-02,apo_reef,0.0,15.07,0.93,1.11,8.0,Moderate,Moderate,poor_viz,current,high,scenario=calm_dry
2023-12-03,apo_reef,0.0,14.57,0.8,1.05,8.0,Moderate,Moderate,poor_viz,current,high,scenario=calm_dry
2023-12-04,apo_reef,0.0,12.43,0.95,1.03,8.0,Moderate,Moderate,poor_viz,current,high,scenario=calm_dry
2023-12-05,apo_reef,0.0,10.93,0.82,0.96,16.0,Low,Low,dive,,high,scenario=calm_dry
2023-12-06,apo_reef,0.05,14.43,0.78,0.92,16.0,Low,Low,dive,,high,scenario=calm_dry
2023-12-07,apo_reef,0.09,13.36,0.78,0.84,16.0,Low,Low,dive,,high,scenario=calm_dry
2023-12-08,apo_reef,0.0,8.65,0.76,0.72,16.0,Low,Low,dive,,high,scenario=calm_dry
2023-12-09,apo_reef,0.0,10.23,0.7,0.68,16.0,Low,Low,dive,,high,scenario=calm_dry
2023-12-30,apo_reef,9.25,26.88,2.39,0.9,3.0,High,High,no_dive,swell,high,scenario=calm_dry
2024-01-02,apo_reef,0.0,27.15,1.98,1.13,8.0,Moderate,Moderate,poor_viz,weather,high,scenario=calm_dry
2024-01-03,apo_reef,0.0,13.24,0.74,1.02,8.0,Moderate,Moderate,poor_viz,current,high,scenario=calm_dry
2024-01-04,apo_reef,0.0,10.46,0.74,0.95,16.0,Low,Low,dive,,high,scenario=calm_dry
2024-01-08,apo_reef,0.0,14.37,1.12,0.62,16.0,Low,Low,dive,,high,scenario=calm_dry
2024-01-09,apo_reef,0.0,13.29,0.77,0.64,16.0,Low,Low,dive,,high,scenario=calm_dry
2024-01-10,apo_reef,0.0,13.03,0.78,0.68,16.0,Low,Low,dive,,high,scenario=calm_dry
2024-01-11,apo_reef,0.73,12.77,0.82,0.7,16.0,Low,Low,dive,,high,scenario=calm_dry
2024-01-12,apo_reef,1.21,12.87,0.69,0.79,16.0,Low,Low,dive,,high,scenario=calm_dry
2024-01-13,apo_reef,0.0,12.87,0.75,0.84,16.0,Low,Low,dive,,high,scenario=calm_dry
2024-01-14,apo_reef,0.0,14.24,0.82,0.97,16.0,Low,Low,dive,,high,scenario=calm_dry
2024-01-15,apo_reef,0.0,9.89,0.79,1.04,8.0,Moderate,Moderate,poor_viz,current,high,scenario=calm_dry
2024-01-16,apo_reef,0.0,12.11,0.79,1.06,8.0,Moderate,Moderate,poor_viz,current,high,scenario=calm_dry
2024-01-17,apo_reef,0.0,13.11,0.79,1.06,8.0,Moderate,Moderate,poor_viz,current,high,scenario=calm_dry
2024-01-19,apo_reef,0.0,31.9,2.12,0.86,3.0,High,High,no_dive,swell,high,scenario=calm_dry
2024-01-20,apo_reef,0.0,13.26,0.76,0.86,16.0,Low,Low,dive,,high,scenario=calm_dry
2024-01-21,apo_reef,0.0,9.23,0.69,0.73,16.0,Low,Low,dive,,high,scenario=calm_dry
2024-01-22,apo_reef,0.85,12.43,0.85,0.66,16.0,Low,Low,dive,,high,scenario=calm_dry
2024-01-23,apo_reef,1.66,10.58,0.71,0.64,16.0,Low,Low,dive,,high,scenario=calm_dry
2024-01-24,apo_reef,0.0,10.58,0.64,0.67,16.0,Low,Low,dive,,high,scenario=calm_dry
2024-01-25,apo_reef,0.0,9.12,0.66,0.65,16.0,Low,Low,dive,,high,scenario=calm_dry
2024-01-26,apo_reef,0.0,11.85,0.8,0.71,16.0,Low,Low,dive,,high,scenario=calm_dry
2024-01-27,apo_reef,0.0,14.02,0.91,0.8,16.0,Low,Low,dive,,high,scenario=calm_dry
2024-01-28,apo_reef,0.0,14.95,0.8,0.89,16.0,Low,Low,dive,,high,scenario=calm_dry
2024-01-29,apo_reef,0.0,12.49,0.66,1.02,8.0,Moderate,Moderate,poor_viz,current,high,scenario=calm_dry
2024-01-30,apo_reef,0.0,12.02,0.7,1.1,8.0,Moderate,Moderate,poor_viz,current,high,scenario=calm_dry
2024-01-31,apo_reef,0.0,12.88,0.68,1.07,8.0,Moderate,Moderate,poor_viz,current,high,scenario=calm_dry
2024-02-04,apo_reef,0.0,14.93,1.04,0.83,16.0,Low,Low,dive,,high,scenario=calm_dry
2024-02-05,apo_reef,0.0,12.36,0.81,0.73,16.0,Low,Low,dive,,high,scenario=calm_dry
2024-02-06,apo_reef,0.3,12.93,0.8,0.66,16.0,Low,Low,dive,,high,scenario=calm_dry
2024-02-15,apo_reef,0.0,36.84,2.24,1.06,3.0,High,High,no_dive,swell,high,scenario=calm_dry
2024-02-16,apo_reef,0.0,11.73,0.76,1.01,8.0,Moderate,Moderate,poor_viz,current,high,scenario=calm_dry
2024-02-17,apo_reef,0.06,12.95,0.86,0.95,16.0,Low,Low,dive,,high,scenario=calm_dry
2024-02-18,apo_reef,0.1,15.64,0.96,0.92,16.0,Low,Low,dive,,high,scenario=calm_dry
2024-02-19,apo_reef,0.0,11.34,0.7,0.82,16.0,Low,Low,dive,,high,scenario=calm_dry
2024-02-20,apo_reef,0.0,12.71,0.83,0.73,16.0,Low,Low,dive,,high,scenario=calm_dry
2024-02-21,apo_reef,0.0,10.86,0.8,0.66,16.0,Low,Low,dive,,high,scenario=calm_dry
2024-02-22,apo_reef,0.0,9.16,0.59,0.63,16.0,Low,Low,dive,,high,scenario=calm_dry
2024-02-23,apo_reef,0.0,10.13,0.75,0.6,16.0,Low,Low,dive,,high,scenario=calm_dry
2024-02-24,apo_reef,0.0,11.36,0.79,0.66,16.0,Low,Low,dive,,high,scenario=calm_dry
2024-02-25,apo_reef,0.0,12.23,0.65,0.79,16.0,Low,Low,dive,,high,scenario=calm_dry
2024-02-26,apo_reef,0.0,11.77,0.8,0.86,16.0,Low,Low,dive,,high,scenario=calm_dry
2024-02-27,apo_reef,0.0,13.04,0.84,0.98,16.0,Low,Low,dive,,high,scenario=calm_dry
2024-02-28,apo_reef,0.0,11.09,0.74,1.05,8.0,Moderate,Moderate,poor_viz,current,high,scenario=calm_dry
2024-02-29,apo_reef,0.0,9.81,0.53,1.04,8.0,Moderate,Moderate,poor_viz,current,high,scenario=calm_dry
2024-03-01,apo_reef,0.0,9.87,0.55,0.98,16.0,Low,Low,dive,,high,scenario=calm_dry
2024-03-02,apo_reef,0.0,12.15,0.58,0.96,16.0,Low,Low,dive,,high,scenario=calm_dry
2024-03-03,apo_reef,0.0,13.1,0.66,0.97,16.0,Low,Low,dive,,high,scenario=calm_dry
2024-03-04,apo_reef,0.0,10.41,0.63,0.89,16.0,Low,Low,dive,,high,scenario=calm_dry
2024-03-16,apo_reef,0.0,15.24,0.9,1.08,8.0,Moderate,Moderate,poor_viz,current,high,scenario=calm_dry
2024-03-17,apo_reef,0.0,9.2,0.7,0.97,16.0,Low,Low,dive,,high,scenario=calm_dry
2024-03-18,apo_reef,0.0,9.27,0.58,0.96,16.0,Low,Low,dive,,high,scenario=calm_dry
2024-03-19,apo_reef,0.0,12.59,0.71,0.87,16.0,Low,Low,dive,,high,scenario=calm_dry
2024-03-22,apo_reef,0.0,17.1,0.93,0.63,16.0,Low,Low,dive,,high,scenario=calm_dry
2024-03-23,apo_reef,0.0,11.16,0.85,0.64,16.0,Low,Low,dive,,high,scenario=calm_dry
2024-03-24,apo_reef,0.0,12.08,0.72,0.66,16.0,Low,Low,dive,,high,scenario=calm_dry
2024-03-25,apo_reef,0.0,11.72,0.76,0.75,16.0,Low,Low,dive,,high,scenario=calm_dry
2024-03-26,apo_reef,0.0,12.77,0.63,0.84,16.0,Low,Low,dive,,high,scenario=calm_dry
2024-03-27,apo_reef,0.0,13.63,0.81,0.87,16.0,Low,Low,dive,,high,scenario=calm_dry
2024-03-28,apo_reef,0.0,13.84,0.81,0.99,16.0,Low,Low,dive,,high,scenario=calm_dry
2024-03-29,apo_reef,0.0,14.16,0.89,1.07,8.0,Moderate,Moderate,poor_viz,current,high,scenario=calm_dry
2024-03-30,apo_reef,0.0,12.42,0.86,1.07,8.0,Moderate,Moderate,poor_viz,current,high,scenario=calm_dry
2024-03-31,apo_reef,0.0,12.82,0.86,1.02,8.0,Moderate,Moderate,poor_viz,current,high,scenario=calm_dry
2024-04-01,apo_reef,0.0,11.89,0.87,1.03,8.0,Moderate,Moderate,poor_viz,current,high,scenario=calm_dry
2024-04-02,apo_reef,0.0,13.47,0.93,0.91,16.0,Low,Low,dive,,high,scenario=calm_dry
2024-04-10,apo_reef,0.0,17.25,0.93,0.84,16.0,Low,Low,dive,,high,scenario=calm_dry
2024-04-21,apo_reef,0.0,17.85,0.94,0.69,16.0,Low,Low,dive,,high,scenario=calm_dry
2024-04-22,apo_reef,0.0,15.26,0.91,0.66,16.0,Low,Low,dive,,high,scenario=calm_dry
2024-04-23,apo_reef,0.0,10.72,0.7,0.74,16.0,Low,Low,dive,,high,scenario=calm_dry
2024-04-24,apo_reef,0.0,11.97,0.78,0.75,16.0,Low,Low,dive,,high,scenario=calm_dry
2024-04-25,apo_reef,0.0,11.9,0.76,0.84,16.0,Low,Low,dive,,high,scenario=calm_dry
2024-04-26,apo_reef,0.0,11.9,0.67,1.04,8.0,Moderate,Moderate,poor_viz,current,high,scenario=calm_dry
2024-04-27,apo_reef,0.0,8.57,0.6,1.07,8.0,Moderate,Moderate,poor_viz,current,high,scenario=calm_dry
2024-04-28,apo_reef,0.0,10.31,0.65,1.13,8.0,Moderate,Moderate,poor_viz,current,high,scenario=calm_dry
2024-04-29,apo_reef,0.0,12.76,0.73,1.1,8.0,Moderate,Moderate,poor_viz,current,high,scenario=calm_dry
2024-04-30,apo_reef,0.0,14.49,0.8,1.01,8.0,Moderate,Moderate,poor_viz,current,high,scenario=calm_dry
2024-05-03,apo_reef,80.34,87.48,5.53,0.85,3.0,High,High,no_dive,swell,high,scenario=calm_dry
2024-05-04,apo_reef,0.0,13.93,0.82,0.77,3.0,Low,Low,no_dive,weather,high,scenario=calm_dry
2024-05-05,apo_reef,0.0,11.87,0.79,0.69,16.0,Low,Low,dive,,high,scenario=calm_dry
2024-05-06,apo_reef,0.0,8.64,0.62,0.69,16.0,Low,Low,dive,,high,scenario=calm_dry
2024-05-07,apo_reef,0.0,9.43,0.75,0.66,16.0,Low,Low,dive,,high,scenario=calm_dry
2024-05-08,apo_reef,0.0,10.87,0.67,0.71,16.0,Low,Low,dive,,high,scenario=calm_dry
2024-05-09,apo_reef,0.0,13.28,0.8,0.83,16.0,Low,Low,dive,,high,scenario=calm_dry
2024-05-10,apo_reef,0.0,11.55,0.73,0.95,16.0,Low,Low,dive,,high,scenario=calm_dry
2024-05-16,apo_reef,0.0,33.17,1.98,1.0,8.0,Moderate,Moderate,poor_viz,weather,high,scenario=calm_dry
2024-05-17,apo_reef,0.0,12.27,0.82,0.92,16.0,Low,Low,dive,,high,scenario=calm_dry
2024-05-18,apo_reef,0.0,8.26,0.73,0.87,16.0,Low,Low,dive,,high,scenario=calm_dry
2024-05-19,apo_reef,0.03,8.26,0.73,0.78,16.0,Low,Low,dive,,high,scenario=calm_dry
2024-05-20,apo_reef,0.04,12.89,0.72,0.73,16.0,Low,Low,dive,,high,scenario=calm_dry
2024-05-21,apo_reef,0.0,12.89,0.64,0.61,16.0,Low,Low,dive,,high,scenario=calm_dry
2024-05-22,apo_reef,0.27,12.85,0.62,0.66,16.0,Low,Low,dive,,high,scenario=calm_dry
2024-05-23,apo_reef,0.44,12.38,0.89,0.76,16.0,Low,Low,dive,,high,scenario=calm_dry
2024-05-24,apo_reef,0.0,13.73,0.82,0.9,16.0,Low,Low,dive,,high,scenario=calm_dry
2024-05-25,apo_reef,0.0,8.73,0.77,0.96,16.0,Low,Low,dive,,high,scenario=calm_dry
2024-05-26,apo_reef,0.0,13.98,0.82,1.04,8.0,Moderate,Moderate,poor_viz,current,high,scenario=calm_dry
2024-06-07,apo_reef,8.12,32.92,2.16,0.79,3.0,High,High,no_dive,swell,high,scenario=calm_dry
2024-06-09,apo_reef,0.0,14.56,0.95,0.94,16.0,Low,Low,dive,,high,scenario=calm_dry
2024-06-12,apo_reef,85.42,103.55,6.04,1.05,3.0,High,High,no_dive,swell,high,scenario=calm_dry
2024-06-13,apo_reef,0.0,11.58,0.8,1.06,3.0,Moderate,Moderate,no_dive,weather,high,scenario=calm_dry
2024-06-14,apo_reef,0.0,14.67,0.78,1.02,8.0,Moderate,Moderate,poor_viz,current,high,scenario=calm_dry
2024-06-24,apo_reef,8.85,21.79,1.86,0.91,8.0,Moderate,Moderate,poor_viz,weather,high,scenario=calm_dry
2024-06-25,apo_reef,0.0,15.33,0.77,0.99,16.0,Low,Low,dive,,high,scenario=calm_dry
2024-06-26,apo_reef,0.0,15.33,0.8,1.06,8.0,Moderate,Moderate,poor_viz,current,high,scenario=calm_dry
2024-06-27,apo_reef,0.0,11.86,0.78,1.05,8.0,Moderate,Moderate,poor_viz,current,high,scenario=calm_dry
2024-06-28,apo_reef,0.0,13.11,0.83,1.1,8.0,Moderate,Moderate,poor_viz,current,high,scenario=calm_dry
2024-06-29,apo_reef,0.0,14.33,0.86,1.04,8.0,Moderate,Moderate,poor_viz,current,high,scenario=calm_dry
2024-06-30,apo_reef,0.0,14.94,0.76,0.95,16.0,Low,Low,dive,,high,scenario=calm_dry
2024-07-01,apo_reef,0.0,11.46,0.65,0.8,16.0,Low,Low,dive,,high,scenario=calm_dry
2024-07-02,apo_reef,0.0,11.46,0.65,0.68,16.0,Low,Low,dive,,high,scenario=calm_dry
2024-07-03,apo_reef,0.0,11.48,0.76,0.64,16.0,Low,Low,dive,,high,scenario=calm_dry
2024-07-04,apo_reef,0.0,11.52,0.98,0.65,16.0,Low,Low,dive,,high,scenario=calm_dry
2024-07-05,apo_reef,0.0,11.4,0.8,0.72,16.0,Low,Low,dive,,high,scenario=calm_dry
2024-07-08,apo_reef,6.82,23.27,1.76,0.85,8.0,Moderate,Moderate,poor_viz,weather,high,scenario=calm_dry
2024-07-11,apo_reef,0.0,14.24,0.8,1.07,8.0,Moderate,Moderate,poor_viz,current,high,scenario=calm_dry
2024-07-12,apo_reef,0.0,11.34,0.79,1.07,8.0,Moderate,Moderate,poor_viz,current,high,scenario=calm_dry
2024-07-16,apo_reef,0.0,33.12,2.19,0.8,3.0,High,High,no_dive,swell,high,scenario=calm_dry
2024-07-17,apo_reef,0.0,12.89,0.72,0.74,16.0,Low,Low,dive,,high,scenario=calm_dry
2024-07-18,apo_reef,0.0,14.64,0.83,0.68,16.0,Low,Low,dive,,high,scenario=calm_dry
2024-07-19,apo_reef,0.0,13.13,0.76,0.66,16.0,Low,Low,dive,,high,scenario=calm_dry
2024-07-20,apo_reef,0.0,11.99,0.72,0.71,16.0,Low,Low,dive,,high,scenario=calm_dry
2024-07-21,apo_reef,0.0,10.19,0.81,0.75,16.0,Low,Low,dive,,high,scenario=calm_dry
2024-07-22,apo_reef,0.0,12.23,0.68,0.79,16.0,Low,Low,dive,,high,scenario=calm_dry
2024-07-23,apo_reef,0.0,14.14,0.76,0.83,16.0,Low,Low,dive,,high,scenario=calm_dry
2024-07-24,apo_reef,0.0,13.7,0.73,1.03,8.0,Moderate,Moderate,poor_viz,current,high,scenario=calm_dry
2024-07-25,apo_reef,0.0,11.12,0.65,1.03,8.0,Moderate,Moderate,poor_viz,current,high,scenario=calm_dry
2024-07-26,apo_reef,0.39,9.51,0.67,1.06,8.0,Moderate,Moderate,poor_viz,current,high,scenario=calm_dry
2024-07-27,apo_reef,1.73,9.42,0.85,1.09,8.0,Moderate,Moderate,poor_viz,current,high,scenario=calm_dry
2024-07-28,apo_reef,2.02,10.07,0.64,1.07,8.0,Moderate,Moderate,poor_viz,current,high,scenario=calm_dry
2024-07-29,apo_reef,0.0,12.68,0.77,0.96,16.0,Low,Low,dive,,high,scenario=calm_dry
2024-07-30,apo_reef,0.0,13.17,0.86,0.85,16.0,Low,Low,dive,,high,scenario=calm_dry
2024-07-31,apo_reef,0.0,12.87,0.86,0.79,16.0,Low,Low,dive,,high,scenario=calm_dry
2024-08-01,apo_reef,0.0,11.88,0.76,0.71,16.0,Low,Low,dive,,high,scenario=calm_dry
2024-08-02,apo_reef,0.0,11.44,0.84,0.69,16.0,Low,Low,dive,,high,scenario=calm_dry
2024-08-03,apo_reef,0.0,12.87,0.84,0.66,16.0,Low,Low,dive,,high,scenario=calm_dry
2024-09-09,apo_reef,0.0,14.91,0.83,1.06,8.0,Moderate,Moderate,poor_viz,current,high,scenario=calm_dry
2024-09-10,apo_reef,0.0,10.44,0.6,1.06,8.0,Moderate,Moderate,poor_viz,current,high,scenario=calm_dry
2024-09-11,apo_reef,0.0,10.44,0.6,0.98,16.0,Low,Low,dive,,high,scenario=calm_dry
2024-09-24,apo_reef,15.88,32.63,2.49,1.12,3.0,High,High,no_dive,swell,high,scenario=calm_dry
2024-10-05,apo_reef,0.0,15.46,0.98,0.84,16.0,Low,Low,dive,,high,scenario=calm_dry
2024-10-06,apo_reef,0.0,13.23,0.69,0.95,16.0,Low,Low,dive,,high,scenario=calm_dry
2024-10-10,apo_reef,0.0,13.14,0.92,0.99,16.0,Low,Low,dive,,high,scenario=calm_dry
2024-10-11,apo_reef,0.0,14.64,0.86,0.89,16.0,Low,Low,dive,,high,scenario=calm_dry
2024-10-13,apo_reef,78.07,97.27,6.18,0.71,3.0,High,High,no_dive,swell,high,scenario=calm_dry
2024-10-14,apo_reef,0.0,10.43,0.7,0.7,3.0,Low,Low,no_dive,weather,high,scenario=calm_dry
2024-10-15,apo_reef,0.0,10.43,0.7,0.64,16.0,Low,Low,dive,,high,scenario=calm_dry
2024-10-16,apo_reef,0.0,7.32,0.51,0.67,16.0,Low,Low,dive,,high,scenario=calm_dry
2024-10-17,apo_reef,0.0,7.78,0.58,0.67,16.0,Low,Low,dive,,high,scenario=calm_dry
2024-10-18,apo_reef,0.0,9.29,0.53,0.72,16.0,Low,Low,dive,,high,scenario=calm_dry
2024-10-19,apo_reef,0.0,8.6,0.74,0.78,16.0,Low,Low,dive,,high,scenario=calm_dry
2024-10-20,apo_reef,0.0,9.08,0.68,0.87,16.0,Low,Low,dive,,high,scenario=calm_dry
2024-10-21,apo_reef,0.0,8.21,0.62,1.01,8.0,Moderate,Moderate,poor_viz,current,high,scenario=calm_dry
2024-10-22,apo_reef,0.0,9.2,0.66,1.06,8.0,Moderate,Moderate,poor_viz,current,high,scenario=calm_dry
2024-10-23,apo_reef,0.0,11.02,0.65,1.1,8.0,Moderate,Moderate,poor_viz,current,high,scenario=calm_dry
2024-10-24,apo_reef,0.0,11.02,0.59,1.1,8.0,Moderate,Moderate,poor_viz,current,high,scenario=calm_dry
2024-10-25,apo_reef,0.0,11.16,0.57,0.92,16.0,Low,Low,dive,,high,scenario=calm_dry
2024-10-26,apo_reef,0.0,7.54,0.62,0.84,16.0,Low,Low,dive,,high,scenario=calm_dry
2024-11-01,apo_reef,2.3,22.09,2.08,0.66,3.0,High,High,no_dive,swell,high,scenario=calm_dry
2024-11-19,apo_reef,21.56,25.34,1.83,0.94,3.0,Moderate,Moderate,no_dive,weather,high,scenario=calm_dry
2024-11-20,apo_reef,0.0,9.03,0.76,1.01,8.0,Moderate,Moderate,poor_viz,current,high,scenario=calm_dry
2024-11-21,apo_reef,0.0,10.52,0.8,1.08,8.0,Moderate,Moderate,poor_viz,current,high,scenario=calm_dry
2024-11-28,apo_reef,0.0,18.27,0.98,0.58,16.0,Low,Low,dive,,high,scenario=calm_dry
2024-11-29,apo_reef,0.0,8.22,0.64,0.61,16.0,Low,Low,dive,,high,scenario=calm_dry
2024-12-18,apo_reef,13.77,24.96,1.8,0.82,3.0,Moderate,Moderate,no_dive,weather,high,scenario=calm_dry
2024-12-26,apo_reef,59.96,75.18,3.9,0.73,3.0,High,High,no_dive,swell,high,scenario=calm_dry
2024-12-30,apo_reef,48.31,96.94,6.69,0.75,3.0,High,High,no_dive,swell,high,scenario=calm_dry
2024-12-31,apo_reef,0.0,12.8,0.65,0.71,3.0,Low,Low,no_dive,weather,high,scenario=calm_dry
2025-01-01,apo_reef,0.0,12.07,0.8,0.79,16.0,Low,Low,dive,,high,scenario=calm_dry
2025-01-02,apo_reef,0.0,12.71,0.9,0.93,16.0,Low,Low,dive,,high,scenario=calm_dry
2025-01-05,apo_reef,57.77,84.62,6.76,1.08,3.0,High,High,no_dive,swell,high,scenario=calm_dry
2025-01-06,apo_reef,2.02,12.72,0.86,1.0,3.0,Low,Low,no_dive,weather,high,scenario=calm_dry
2025-01-07,apo_reef,0.0,12.68,0.84,0.9,16.0,Low,Low,dive,,high,scenario=calm_dry
2025-01-08,apo_reef,0.0,11.73,0.8,0.87,16.0,Low,Low,dive,,high,scenario=calm_dry
2025-01-09,apo_reef,0.0,12.46,0.86,0.79,16.0,Low,Low,dive,,high,scenario=calm_dry
2025-01-10,apo_reef,0.0,12.87,0.8,0.73,16.0,Low,Low,dive,,high,scenario=calm_dry
2025-01-11,apo_reef,0.0,10.08,0.67,0.64,16.0,Low,Low,dive,,high,scenario=calm_dry
2025-01-12,apo_reef,0.0,8.33,0.49,0.6,16.0,Low,Low,dive,,high,scenario=calm_dry
2025-01-13,apo_reef,0.0,11.09,0.72,0.67,16.0,Low,Low,dive,,high,scenario=calm_dry
2025-01-14,apo_reef,0.0,11.69,0.92,0.66,16.0,Low,Low,dive,,high,scenario=calm_dry
2025-01-15,apo_reef,0.0,11.63,0.81,0.77,16.0,Low,Low,dive,,high,scenario=calm_dry
2025-01-16,apo_reef,1.03,12.03,0.84,0.86,16.0,Low,Low,dive,,high,scenario=calm_dry
2025-01-17,apo_reef,1.67,9.12,0.65,0.99,16.0,Low,Low,dive,,high,scenario=calm_dry
2025-01-27,apo_reef,0.0,15.77,0.86,0.57,16.0,Low,Low,dive,,high,scenario=calm_dry
2025-01-30,apo_reef,71.38,68.23,3.61,0.83,3.0,High,High,no_dive,swell,high,scenario=calm_dry
2025-02-01,apo_reef,0.0,31.93,2.28,1.0,3.0,High,High,no_dive,swell,high,scenario=calm_dry
2025-02-02,apo_reef,0.0,14.14,0.83,1.03,8.0,Moderate,Moderate,poor_viz,current,high,scenario=calm_dry
2025-02-03,apo_reef,0.0,10.86,0.76,1.06,8.0,Moderate,Moderate,poor_viz,current,high,scenario=calm_dry
2025-02-04,apo_reef,0.0,12.08,0.82,0.99,16.0,Low,Low,dive,,high,scenario=calm_dry
2025-02-05,apo_reef,0.0,11.23,0.81,0.99,16.0,Low,Low,dive,,high,scenario=calm_dry
2025-02-06,apo_reef,0.0,13.38,0.86,0.97,16.0,Low,Low,dive,,high,scenario=calm_dry
2025-03-01,apo_reef,0.0,18.4,1.08,0.8,16.0,Low,Low,dive,,high,scenario=calm_dry
2025-03-02,apo_reef,0.0,12.72,0.7,0.92,16.0,Low,Low,dive,,high,scenario=calm_dry
2025-03-03,apo_reef,0.0,13.62,0.62,0.98,16.0,Low,Low,dive,,high,scenario=calm_dry
2025-03-04,apo_reef,0.0,13.62,0.8,1.1,8.0,Moderate,Moderate,poor_viz,current,high,scenario=calm_dry
2025-03-05,apo_reef,0.0,10.77,0.8,1.07,8.0,Moderate,Moderate,poor_viz,current,high,scenario=calm_dry
2025-03-06,apo_reef,0.0,10.96,0.75,1.05,8.0,Moderate,Moderate,poor_viz,current,high,scenario=calm_dry
2025-03-07,apo_reef,0.0,12.22,0.68,0.99,16.0,Low,Low,dive,,high,scenario=calm_dry
2025-03-08,apo_reef,0.0,12.09,0.94,0.92,16.0,Low,Low,dive,,high,scenario=calm_dry
2025-03-12,apo_reef,0.0,12.7,0.95,0.65,16.0,Low,Low,dive,,high,scenario=calm_dry
2025-03-13,apo_reef,0.0,12.74,0.63,0.69,16.0,Low,Low,dive,,high,scenario=calm_dry
2025-03-16,apo_reef,0.0,23.44,2.07,0.87,3.0,High,High,no_dive,swell,high,scenario=calm_dry
2025-03-17,apo_reef,0.0,12.47,0.84,0.99,16.0,Low,Low,dive,,high,scenario=calm_dry
2025-04-03,apo_reef,0.0,18.2,1.24,1.14,8.0,Moderate,Moderate,poor_viz,swell,high,scenario=calm_dry
2025-04-04,apo_reef,0.0,10.53,0.6,1.13,8.0,Moderate,Moderate,poor_viz,current,high,scenario=calm_dry
2025-04-09,apo_reef,0.0,13.66,0.74,0.75,16.0,Low,Low,dive,,high,scenario=calm_dry
2025-05-04,apo_reef,0.0,14.62,0.9,1.03,8.0,Moderate,Moderate,poor_viz,current,high,scenario=calm_dry
2025-05-05,apo_reef,0.0,11.79,0.71,1.01,8.0,Moderate,Moderate,poor_viz,current,high,scenario=calm_dry
2025-05-06,apo_reef,0.0,10.5,0.58,0.92,16.0,Low,Low,dive,,high,scenario=calm_dry
2025-05-07,apo_reef,0.0,8.67,0.66,0.86,16.0,Low,Low,dive,,high,scenario=calm_dry
2025-05-08,apo_reef,0.0,12.09,0.65,0.78,16.0,Low,Low,dive,,high,scenario=calm_dry
2025-05-09,apo_reef,0.0,13.17,0.77,0.69,16.0,Low,Low,dive,,high,scenario=calm_dry
2025-05-10,apo_reef,0.0,13.47,0.72,0.64,16.0,Low,Low,dive,,high,scenario=calm_dry
2025-05-11,apo_reef,0.0,10.69,0.68,0.63,16.0,Low,Low,dive,,high,scenario=calm_dry
2025-05-12,apo_reef,0.0,11.37,0.7,0.7,16.0,Low,Low,dive,,high,scenario=calm_dry
2025-05-13,apo_reef,0.0,12.68,0.74,0.76,16.0,Low,Low,dive,,high,scenario=calm_dry
2025-05-14,apo_reef,0.0,14.02,0.71,0.96,16.0,Low,Low,dive,,high,scenario=calm_dry
2025-05-16,apo_reef,43.05,72.59,3.76,1.01,3.0,High,High,no_dive,swell,high,scenario=calm_dry
2025-05-17,apo_reef,0.0,12.48,0.82,1.0,3.0,Moderate,Moderate,no_dive,weather,high,scenario=calm_dry
2025-05-18,apo_reef,0.0,12.65,0.81,1.05,8.0,Moderate,Moderate,poor_viz,current,high,scenario=calm_dry
2025-05-19,apo_reef,0.0,12.24,0.78,1.06,8.0,Moderate,Moderate,poor_viz,current,high,scenario=calm_dry
2025-05-20,apo_reef,0.0,11.04,0.64,1.08,8.0,Moderate,Moderate,poor_viz,current,high,scenario=calm_dry
2025-05-21,apo_reef,0.0,13.9,0.79,0.95,16.0,Low,Low,dive,,high,scenario=calm_dry
2025-05-22,apo_reef,0.0,13.9,0.85,0.88,16.0,Low,Low,dive,,high,scenario=calm_dry
2025-05-23,apo_reef,0.0,9.41,0.61,0.79,16.0,Low,Low,dive,,high,scenario=calm_dry
2025-05-24,apo_reef,0.0,10.34,0.65,0.64,16.0,Low,Low,dive,,high,scenario=calm_dry
2025-05-25,apo_reef,0.0,12.76,0.67,0.63,16.0,Low,Low,dive,,high,scenario=calm_dry
2025-05-26,apo_reef,0.0,15.05,0.79,0.65,16.0,Low,Low,dive,,high,scenario=calm_dry
2025-05-27,apo_reef,0.0,12.12,0.76,0.74,16.0,Low,Low,dive,,high,scenario=calm_dry
2025-05-28,apo_reef,0.33,10.67,0.67,0.85,16.0,Low,Low,dive,,high,scenario=calm_dry
2025-05-29,apo_reef,0.57,9.67,0.61,0.9,16.0,Low,Low,dive,,high,scenario=calm_dry
2025-05-30,apo_reef,0.0,11.6,0.79,0.95,16.0,Low,Low,dive,,high,scenario=calm_dry
2025-05-31,apo_reef,0.0,11.6,0.83,0.99,16.0,Low,Low,dive,,high,scenario=calm_dry
2025-06-01,apo_reef,0.0,11.65,0.74,1.04,8.0,Moderate,Moderate,poor_viz,current,high,scenario=calm_dry
2025-06-02,apo_reef,0.0,10.53,0.72,1.1,8.0,Moderate,Moderate,poor_viz,current,high,scenario=calm_dry
2025-06-03,apo_reef,0.0,8.79,0.57,1.09,8.0,Moderate,Moderate,poor_viz,current,high,scenario=calm_dry
2025-06-23,apo_reef,0.81,34.0,2.36,0.69,3.0,High,High,no_dive,swell,high,scenario=calm_dry
2025-06-24,apo_reef,1.45,11.17,0.58,0.65,16.0,Low,Low,dive,,high,scenario=calm_dry
2025-06-25,apo_reef,0.0,10.21,0.8,0.75,16.0,Low,Low,dive,,high,scenario=calm_dry
2025-06-26,apo_reef,1.06,8.58,0.7,0.74,16.0,Low,Low,dive,,high,scenario=calm_dry
2025-06-27,apo_reef,1.75,8.84,0.7,0.82,16.0,Low,Low,dive,,high,scenario=calm_dry
2025-06-28,apo_reef,0.0,12.02,0.79,0.88,16.0,Low,Low,dive,,high,scenario=calm_dry
2025-06-29,apo_reef,0.0,11.13,0.83,0.96,16.0,Low,Low,dive,,high,scenario=calm_dry
2025-06-30,apo_reef,0.0,11.0,0.74,1.06,8.0,Moderate,Moderate,poor_viz,current,high,scenario=calm_dry
2025-07-01,apo_reef,0.0,11.06,0.72,1.08,8.0,Moderate,Moderate,poor_viz,current,high,scenario=calm_dry
2025-07-02,apo_reef,0.0,16.18,0.88,1.13,8.0,Moderate,Moderate,poor_viz,current,high,scenario=calm_dry
2025-07-03,apo_reef,0.0,10.05,0.64,1.01,8.0,Moderate,Moderate,poor_viz,current,high,scenario=calm_dry
2025-07-04,apo_reef,0.0,13.28,0.74,0.92,16.0,Low,Low,dive,,high,scenario=calm_dry
2025-07-05,apo_reef,0.0,12.86,0.85,0.8,16.0,Low,Low,dive,,high,scenario=calm_dry
2025-07-06,apo_reef,0.0,12.09,0.81,0.77,16.0,Low,Low,dive,,high,scenario=calm_dry
2025-07-07,apo_reef,0.0,11.45,0.76,0.69,16.0,Low,Low,dive,,high,scenario=calm_dry
2025-07-08,apo_reef,0.0,13.56,0.66,0.64,16.0,Low,Low,dive,,high,scenario=calm_dry
2025-07-09,apo_reef,0.0,13.41,0.73,0.64,16.0,Low,Low,dive,,high,scenario=calm_dry
2025-07-10,apo_reef,0.0,11.79,0.77,0.69,16.0,Low,Low,dive,,high,scenario=calm_dry
2025-07-11,apo_reef,0.0,12.74,0.83,0.7,16.0,Low,Low,dive,,high,scenario=calm_dry
2025-07-12,apo_reef,0.0,13.57,0.84,0.85,16.0,Low,Low,dive,,high,scenario=calm_dry
2025-07-15,apo_reef,0.0,11.83,0.83,1.02,8.0,Moderate,Moderate,poor_viz,current,high,scenario=calm_dry
2025-07-16,apo_reef,0.0,15.33,1.0,1.03,8.0,Moderate,Moderate,poor_viz,current,high,scenario=calm_dry
2025-07-18,apo_reef,3.08,24.99,2.25,0.97,3.0,High,High,no_dive,swell,high,scenario=calm_dry
2025-07-19,apo_reef,0.0,12.08,0.69,0.9,16.0,Low,Low,dive,,high,scenario=calm_dry
2025-07-20,apo_reef,0.0,11.45,0.76,0.86,16.0,Low,Low,dive,,high,scenario=calm_dry
2025-07-21,apo_reef,0.0,15.07,0.66,0.74,16.0,Low,Low,dive,,high,scenario=calm_dry
2025-07-24,apo_reef,0.0,21.61,1.8,0.62,8.0,Moderate,Moderate,poor_viz,weather,high,scenario=calm_dry
2025-07-25,apo_reef,0.0,13.54,0.81,0.71,16.0,Low,Low,dive,,high,scenario=calm_dry
2025-07-26,apo_reef,0.0,13.0,0.76,0.72,16.0,Low,Low,dive,,high,scenario=calm_dry
2025-07-27,apo_reef,0.0,12.76,0.87,0.86,16.0,Low,Low,dive,,high,scenario=calm_dry
2025-07-28,apo_reef,0.0,12.04,0.79,0.94,16.0,Low,Low,dive,,high,scenario=calm_dry
2025-07-29,apo_reef,0.0,13.32,0.7,1.02,8.0,Moderate,Moderate,poor_viz,current,high,scenario=calm_dry
2025-07-30,apo_reef,0.0,12.28,0.67,1.05,8.0,Moderate,Moderate,poor_viz,current,high,scenario=calm_dry
2025-07-31,apo_reef,0.89,9.41,0.62,1.03,8.0,Moderate,Moderate,poor_viz,current,high,scenario=calm_dry
2025-08-01,apo_reef,1.53,10.57,0.75,1.02,8.0,Moderate,Moderate,poor_viz,current,high,scenario=calm_dry
2025-08-02,apo_reef,0.0,12.09,0.8,1.0,16.0,Low,Low,dive,,high,scenario=calm_dry
2025-08-06,apo_reef,0.0,18.48,1.16,0.61,16.0,Low,Low,dive,,high,scenario=calm_dry
2025-08-07,apo_reef,0.0,13.31,0.86,0.59,16.0,Low,Low,dive,,high,scenario=calm_dry
2025-08-08,apo_reef,0.0,11.75,0.86,0.64,16.0,Low,Low,dive,,high,scenario=calm_dry
2025-08-09,apo_reef,0.0,11.34,0.87,0.72,16.0,Low,Low,dive,,high,scenario=calm_dry
2025-08-10,apo_reef,0.0,10.08,0.73,0.83,16.0,Low,Low,dive,,high,scenario=calm_dry
2025-08-11,apo_reef,0.0,10.51,0.7,0.87,16.0,Low,Low,dive,,high,scenario=calm_dry
2025-08-12,apo_reef,0.0,10.51,0.68,0.95,16.0,Low,Low,dive,,high,scenario=calm_dry
2025-08-13,apo_reef,0.0,9.7,0.75,0.97,16.0,Low,Low,dive,,high,scenario=calm_dry
2025-08-14,apo_reef,0.0,11.34,0.83,1.03,8.0,Moderate,Moderate,poor_viz,current,high,scenario=calm_dry
2025-08-15,apo_reef,0.0,11.74,0.85,1.06,8.0,Moderate,Moderate,poor_viz,current,high,scenario=calm_dry
2025-08-20,apo_reef,0.0,15.58,1.0,0.66,16.0,Low,Low,dive,,high,scenario=calm_dry
2025-08-21,apo_reef,0.0,11.78,0.63,0.66,16.0,Low,Low,dive,,high,scenario=calm_dry
2025-08-22,apo_reef,0.0,11.61,0.68,0.66,16.0,Low,Low,dive,,high,scenario=calm_dry
2025-08-23,apo_reef,0.0,9.78,0.57,0.68,16.0,Low,Low,dive,,high,scenario=calm_dry
2025-08-24,apo_reef,0.0,9.7,0.68,0.72,16.0,Low,Low,dive,,high,scenario=calm_dry
2025-08-25,apo_reef,0.0,11.41,0.82,0.79,16.0,Low,Low,dive,,high,scenario=calm_dry
2025-08-26,apo_reef,0.0,12.9,0.78,0.89,16.0,Low,Low,dive,,high,scenario=calm_dry
2025-08-27,apo_reef,1.04,12.9,0.78,0.91,16.0,Low,Low,dive,,high,scenario=calm_dry
2025-09-11,apo_reef,0.0,29.63,2.12,0.98,3.0,High,High,no_dive,swell,high,scenario=calm_dry
2025-09-14,apo_reef,5.3,24.78,2.14,1.06,3.0,High,High,no_dive,swell,high,scenario=calm_dry
2025-09-15,apo_reef,0.0,12.16,0.87,0.98,16.0,Low,Low,dive,,high,scenario=calm_dry
2025-09-21,apo_reef,0.0,16.59,1.07,0.6,16.0,Low,Low,dive,,high,scenario=calm_dry
2025-09-22,apo_reef,0.0,11.46,0.83,0.65,16.0,Low,Low,dive,,high,scenario=calm_dry
2025-09-23,apo_reef,0.0,11.42,0.75,0.75,16.0,Low,Low,dive,,high,scenario=calm_dry
2025-09-24,apo_reef,0.0,10.94,0.66,0.82,16.0,Low,Low,dive,,high,scenario=calm_dry
2025-09-25,apo_reef,0.0,11.69,0.73,0.91,16.0,Low,Low,dive,,high,scenario=calm_dry
2025-09-26,apo_reef,0.0,12.6,0.82,0.99,16.0,Low,Low,dive,,high,scenario=calm_dry
2025-09-27,apo_reef,0.0,13.8,0.88,1.11,8.0,Moderate,Moderate,poor_viz,current,high,scenario=calm_dry
2025-09-28,apo_reef,0.0,17.3,0.76,1.14,8.0,Moderate,Moderate,poor_viz,current,high,scenario=calm_dry
2025-09-29,apo_reef,0.0,13.12,0.69,1.04,8.0,Moderate,Moderate,poor_viz,current,high,scenario=calm_dry
2025-09-30,apo_reef,1.04,8.22,0.51,0.93,16.0,Low,Low,dive,,high,scenario=calm_dry
2025-10-01,apo_reef,1.85,10.78,0.59,0.85,16.0,Low,Low,dive,,high,scenario=calm_dry
2025-10-02,apo_reef,0.0,11.15,0.72,0.78,16.0,Low,Low,dive,,high,scenario=calm_dry
2025-10-03,apo_reef,0.0,13.41,0.69,0.7,16.0,Low,Low,dive,,high,scenario=calm_dry
2025-10-04,apo_reef,0.0,10.58,0.66,0.67,16.0,Low,Low,dive,,high,scenario=calm_dry
2025-10-06,apo_reef,0.0,15.71,1.17,0.59,16.0,Low,Low,dive,,high,scenario=calm_dry
2025-10-07,apo_reef,0.0,8.45,0.51,0.68,16.0,Low,Low,dive,,high,scenario=calm_dry
2025-10-08,apo_reef,0.0,10.72,0.77,0.71,16.0,Low,Low,dive,,high,scenario=calm_dry
2025-10-09,apo_reef,0.0,10.95,0.68,0.81,16.0,Low,Low,dive,,high,scenario=calm_dry
2025-10-10,apo_reef,0.0,9.16,0.61,0.94,16.0,Low,Low,dive,,high,scenario=calm_dry
2025-10-12,apo_reef,3.23,18.02,0.99,1.1,8.0,Moderate,Moderate,poor_viz,current,high,scenario=calm_dry
2025-10-13,apo_reef,0.0,10.76,0.79,1.07,8.0,Moderate,Moderate,poor_viz,current,high,scenario=calm_dry
2025-10-14,apo_reef,0.0,12.65,0.84,0.99,16.0,Low,Low,dive,,high,scenario=calm_dry
2025-11-16,apo_reef,0.0,18.13,1.13,0.73,16.0,Low,Low,dive,,high,scenario=calm_dry
2025-11-17,apo_reef,0.0,11.39,0.7,0.61,16.0,Low,Low,dive,,high,scenario=calm_dry
2025-11-27,apo_reef,17.12,30.33,2.15,1.01,3.0,High,High,no_dive,swell,high,scenario=calm_dry
2025-11-28,apo_reef,0.0,8.94,0.74,0.95,16.0,Low,Low,dive,,high,scenario=calm_dry
2025-11-29,apo_reef,0.0,12.58,0.75,0.8,16.0,Low,Low,dive,,high,scenario=calm_dry
2025-11-30,apo_reef,0.0,14.51,0.87,0.73,16.0,Low,Low,dive,,high,scenario=calm_dry
2025-12-01,apo_reef,0.0,11.18,0.72,0.72,16.0,Low,Low,dive,,high,scenario=calm_dry
2025-12-02,apo_reef,0.0,9.27,0.72,0.66,16.0,Low,Low,dive,,high,scenario=calm_dry
2025-12-03,apo_reef,0.0,12.15,0.71,0.6,16.0,Low,Low,dive,,high,scenario=calm_dry
2025-12-04,apo_reef,0.0,14.17,0.72,0.65,16.0,Low,Low,dive,,high,scenario=calm_dry
2025-12-05,apo_reef,0.0,11.98,0.81,0.72,16.0,Low,Low,dive,,high,scenario=calm_dry
2025-12-06,apo_reef,0.0,13.8,0.82,0.7,16.0,Low,Low,dive,,high,scenario=calm_dry
2025-12-11,apo_reef,0.32,16.13,0.94,1.09,8.0,Moderate,Moderate,poor_viz,current,high,scenario=calm_dry
2025-12-12,apo_reef,0.55,11.41,0.79,0.99,16.0,Low,Low,dive,,high,scenario=calm_dry
2025-12-13,apo_reef,0.0,13.39,0.9,0.89,16.0,Low,Low,dive,,high,scenario=calm_dry
2025-12-14,apo_reef,0.0,12.15,0.9,0.81,16.0,Low,Low,dive,,high,scenario=calm_dry
2025-12-15,apo_reef,0.0,13.71,0.72,0.78,16.0,Low,Low,dive,,high,scenario=calm_dry
2025-12-16,apo_reef,0.98,12.36,0.8,0.7,16.0,Low,Low,dive,,high,scenario=calm_dry
2025-12-17,apo_reef,1.95,12.79,0.68,0.69,16.0,Low,Low,dive,,high,scenario=calm_dry
2025-12-20,apo_reef,0.77,11.58,1.0,0.65,16.0,Low,Low,dive,,high,scenario=calm_dry
2025-12-21,apo_reef,1.26,8.61,0.73,0.77,16.0,Low,Low,dive,,high,scenario=calm_dry
2025-12-22,apo_reef,0.0,9.2,0.72,0.87,16.0,Low,Low,dive,,high,scenario=calm_dry
2025-12-23,apo_reef,0.0,12.97,0.62,0.97,16.0,Low,Low,dive,,high,scenario=calm_dry
2025-12-24,apo_reef,0.0,12.51,0.7,1.06,8.0,Moderate,Moderate,poor_viz,current,high,scenario=calm_dry
2025-12-25,apo_reef,0.0,15.86,0.86,1.03,8.0,Moderate,Moderate,poor_viz,current,high,scenario=calm_dry
2025-12-26,apo_reef,0.0,12.81,0.8,1.09,8.0,Moderate,Moderate,poor_viz,current,high,scenario=calm_dry
2025-12-27,apo_reef,0.0,12.27,0.83,0.92,16.0,Low,Low,dive,,high,scenario=calm_dry
2026-01-13,apo_reef,0.0,15.49,0.99,0.81,16.0,Low,Low,dive,,high,scenario=calm_dry
2026-01-14,apo_reef,0.0,13.36,0.93,0.76,16.0,Low,Low,dive,,high,scenario=calm_dry
2026-01-25,apo_reef,72.8,77.82,4.44,1.02,3.0,High,High,no_dive,swell,high,scenario=calm_dry
2026-01-26,apo_reef,0.0,13.46,0.7,0.98,3.0,Low,Low,no_dive,weather,high,scenario=calm_dry
2026-01-27,apo_reef,0.0,12.75,0.67,0.87,16.0,Low,Low,dive,,high,scenario=calm_dry
2026-01-28,apo_reef,0.0,12.98,0.8,0.78,16.0,Low,Low,dive,,high,scenario=calm_dry
2026-01-29,apo_reef,0.0,11.92,0.88,0.69,16.0,Low,Low,dive,,high,scenario=calm_dry
2026-01-30,apo_reef,0.0,12.72,0.76,0.67,16.0,Low,Low,dive,,high,scenario=calm_dry
2026-01-31,apo_reef,0.0,12.72,0.72,0.63,16.0,Low,Low,dive,,high,scenario=calm_dry
2026-02-01,apo_reef,0.0,12.03,0.71,0.63,16.0,Low,Low,dive,,high,scenario=calm_dry
2026-02-02,apo_reef,0.0,12.65,0.76,0.72,16.0,Low,Low,dive,,high,scenario=calm_dry
2026-02-03,apo_reef,0.0,10.91,0.74,0.78,16.0,Low,Low,dive,,high,scenario=calm_dry
2026-02-07,apo_reef,2.64,15.78,1.12,1.05,8.0,Moderate,Moderate,poor_viz,current,high,scenario=calm_dry
2026-02-08,apo_reef,0.0,15.1,0.9,1.04,8.0,Moderate,Moderate,poor_viz,current,high,scenario=calm_dry
2026-02-09,apo_reef,0.0,12.24,0.82,0.99,16.0,Low,Low,dive,,high,scenario=calm_dry
2026-02-10,apo_reef,0.0,10.83,0.72,0.96,16.0,Low,Low,dive,,high,scenario=calm_dry
2026-02-11,apo_reef,0.0,9.43,0.64,0.88,16.0,Low,Low,dive,,high,scenario=calm_dry
2026-02-12,apo_reef,0.0,9.62,0.7,0.78,16.0,Low,Low,dive,,high,scenario=calm_dry
2026-02-13,apo_reef,0.0,9.91,0.77,0.68,16.0,Low,Low,dive,,high,scenario=calm_dry
2026-02-14,apo_reef,0.22,12.47,0.71,0.65,16.0,Low,Low,dive,,high,scenario=calm_dry
2026-02-15,apo_reef,0.43,10.98,0.87,0.66,16.0,Low,Low,dive,,high,scenario=calm_dry
2026-02-16,apo_reef,0.0,11.27,0.81,0.69,16.0,Low,Low,dive,,high,scenario=calm_dry
2026-02-17,apo_reef,0.0,9.86,0.69,0.75,16.0,Low,Low,dive,,high,scenario=calm_dry
2026-02-26,apo_reef,0.0,16.54,1.0,0.83,16.0,Low,Low,dive,,high,scenario=calm_dry
2026-02-27,apo_reef,0.0,11.86,0.76,0.77,16.0,Low,Low,dive,,high,scenario=calm_dry
2026-02-28,apo_reef,0.0,11.42,0.8,0.71,16.0,Low,Low,dive,,high,scenario=calm_dry
2026-03-12,apo_reef,0.0,13.13,0.97,0.91,16.0,Low,Low,dive,,high,scenario=calm_dry
2026-03-16,apo_reef,0.0,13.06,1.03,0.68,16.0,Low,Low,dive,,high,scenario=calm_dry
2026-03-17,apo_reef,1.15,13.1,0.77,0.65,16.0,Low,Low,dive,,high,scenario=calm_dry
2026-03-18,apo_reef,1.99,13.3,0.82,0.68,16.0,Low,Low,dive,,high,scenario=calm_dry
2026-03-31,apo_reef,4.87,16.56,1.19,0.66,16.0,Low,Low,dive,,high,scenario=calm_dry
2026-04-01,apo_reef,0.0,11.86,0.67,0.65,16.0,Low,Low,dive,,high,scenario=calm_dry
2026-04-02,apo_reef,0.0,11.88,0.66,0.74,16.0,Low,Low,dive,,high,scenario=calm_dry
2026-04-03,apo_reef,0.0,9.14,0.61,0.86,16.0,Low,Low,dive,,high,scenario=calm_dry
2026-04-04,apo_reef,0.0,8.82,0.54,0.91,16.0,Low,Low,dive,,high,scenario=calm_dry
2026-04-05,apo_reef,0.0,13.46,0.77,1.02,8.0,Moderate,Moderate,poor_viz,current,high,scenario=calm_dry
2026-04-06,apo_reef,0.0,15.29,0.8,1.03,8.0,Moderate,Moderate,poor_viz,current,high,scenario=calm_dry
2026-04-07,apo_reef,0.0,11.04,0.69,1.05,8.0,Moderate,Moderate,poor_viz,current,high,scenario=calm_dry
2026-04-08,apo_reef,0.0,13.59,0.75,1.02,8.0,Moderate,Moderate,poor_viz,current,high,scenario=calm_dry
